,round,user_team_id,processed,player_id,player.feed_id,player.first_name,player.last_name,player.team.abbrev,dropped_player_id,dropped_player.feed_id,dropped_player.first_name,dropped_player.last_name,dropped_player.team.abbrev,source
149,1,715,2024-02-22T20:30:03+11:00,110,1001398,Matthew,Kennedy,CAR,,,,,,Free Agent
148,1,715,2024-02-22T20:30:03+11:00,116,1023446,Alex,Mirkov,CAR,,,,,,Free Agent
159,1,715,2024-02-22T20:30:06+11:00,110,1001398,Matthew,Kennedy,CAR,,,,,,Free Agent
158,1,715,2024-02-22T20:30:06+11:00,766,294859,Jeremy,McGovern,WCE,,,,,,Free Agent
157,1,715,2024-02-22T20:30:06+11:00,686,1006126,James,Rowbottom,SYD,,,,,,Free Agent
156,1,715,2024-02-22T20:30:06+11:00,649,291776,Taylor,Adams,SYD,,,,,,Free Agent
155,1,715,2024-02-22T20:30:06+11:00,47,1002312,Zac,Bailey,BRL,,,,,,Free Agent
154,1,715,2024-02-22T20:30:06+11:00,116,1023446,Alex,Mirkov,CAR,,,,,,Free Agent
151,1,715,2024-02-22T20:30:24+11:00,116,1023446,Alex,Mirkov,CAR,,,,,,Free Agent
152,1,715,2024-02-22T20:30:24+11:00,47,1002312,Zac,Bailey,BRL,,,,,,Free Agent
153,1,715,2024-02-22T20:30:24+11:00,649,291776,Taylor,Adams,SYD,,,,,,Free Agent
474,1,720,2024-03-03T08:30:01+11:00,417,1007124,Conor,Nash,HAW,,,,,,Free Agent
473,1,720,2024-03-03T08:30:08+11:00,432,1002222,James,Worpel,HAW,35.0,270963,Rory,*** Sloane,ADE,Free Agent
477,1,720,2024-03-03T08:30:15+11:00,68,1005521,Oscar,McInerney,BRL,137.0,1005054,Josh,Daicos,COL,Free Agent
476,1,720,2024-03-03T08:30:24+11:00,417,1007124,Conor,Nash,HAW,307.0,293845,Jeremy,Cameron,GEE,Free Agent
475,1,720,2024-03-03T08:30:34+11:00,432,1002222,James,Worpel,HAW,629.0,992468,Rowan,Marshall,STK,Free Agent
150,1,715,2024-03-03T15:28:25+11:00,116,1023446,Alex,Mirkov,CAR,,,,,,Free Agent
428,1,719,2024-03-11T04:02:59+11:00,114,297255,Mitch,McGovern,CAR,51.0,1006059,Keidean,Coleman,BRL,Free Agent
427,1,719,2024-03-11T04:03:29+11:00,508,1006058,Bailey,Scott,NTH,434.0,296351,Jack,Billings,MEL,Free Agent
241,1,717,2024-03-11T07:47:10+11:00,280,1006144,Ben,King,GCS,677.0,1003203,Hayden,McLean,SYD,Free Agent
100,1,714,2024-03-11T11:37:53+11:00,592,290627,Dion,Prestia,RIC,773.0,296296,Dom,Sheed,WCE,Free Agent
1,1,713,2024-03-11T19:43:17+11:00,785,1005052,Ethan,Phillips,HAW,461.0,1008541,Kysaiah,Pickett,MEL,Free Agent
12,1,713,2024-03-12T19:49:52+11:00,31,1001195,Izak,Rankine,ADE,,,,,,Free Agent
11,1,713,2024-03-12T19:49:52+11:00,562,1000223,Liam,Baker,RIC,,,,,,Free Agent
10,1,713,2024-03-12T19:49:52+11:00,533,1002253,Kane,Farrell,PTA,,,,,,Free Agent
9,1,713,2024-03-12T19:49:52+11:00,164,1008089,Isaac,Quaynor,COL,,,,,,Free Agent
6,1,713,2024-03-12T19:49:52+11:00,461,1008541,Kysaiah,Pickett,MEL,,,,,,Free Agent
7,1,713,2024-03-12T19:49:52+11:00,75,1002235,Cam,Rayner,BRL,,,,,,Free Agent
5,1,713,2024-03-12T19:49:52+11:00,263,1008454,Connor,Budarick,GCS,,,,,,Free Agent
0,1,713,2024-03-12T19:49:52+11:00,526,1006121,Zak,Butters,PTA,,,,,,Free Agent
13,1,713,2024-03-12T19:49:52+11:00,686,1006126,James,Rowbottom,SYD,,,,,,Free Agent
8,1,713,2024-03-12T19:49:52+11:00,151,1003130,Patrick,Lipinski,COL,,,,,,Free Agent
14,1,713,2024-03-12T19:49:52+11:00,87,296294,Blake,Acres,CAR,,,,,,Free Agent
20,1,713,2024-03-12T19:49:52+11:00,566,993993,Shai,Bolton,RIC,,,,,,Free Agent
16,1,713,2024-03-12T19:49:52+11:00,193,1012013,Nic,Martin,ESS,,,,,,Free Agent
17,1,713,2024-03-12T19:49:52+11:00,44,996059,Harris,Andrews,BRL,,,,,,Free Agent
18,1,713,2024-03-12T19:49:52+11:00,363,295344,Toby,Greene,GWS,,,,,,Free Agent
19,1,713,2024-03-12T19:49:52+11:00,180,271129,Todd,Goldstein,ESS,,,,,,Free Agent
21,1,713,2024-03-12T19:49:52+11:00,286,298272,Touk,Miller,GCS,,,,,,Free Agent
22,1,713,2024-03-12T19:49:52+11:00,372,296347,Josh,Kelly,GWS,,,,,,Free Agent
23,1,713,2024-03-12T19:49:52+11:00,443,290528,Max,Gawn,MEL,,,,,,Free Agent
24,1,713,2024-03-12T19:49:52+11:00,639,994389,Jack,Sinclair,STK,,,,,,Free Agent
25,1,713,2024-03-12T19:49:52+11:00,242,1009420,Caleb,Serong,FRE,,,,,,Free Agent
26,1,713,2024-03-12T19:49:52+11:00,194,998102,Andrew,McGrath,ESS,,,,,,Free Agent
15,1,713,2024-03-12T19:49:52+11:00,312,270917,Patrick,Dangerfield,GEE,,,,,,Free Agent
4,1,713,2024-03-12T20:03:00+11:00,681,996765,Tom,Papley,SYD,562.0,1000223,Liam,Baker,RIC,Free Agent
202,1,716,2024-03-13T12:33:48+11:00,531,1000972,Willem,Drew,PTA,386.0,280109,Callan,Ward,GWS,Free Agent
99,1,714,2024-03-14T17:14:38+11:00,168,280965,Steele,Sidebottom,COL,277.0,1023500,Bailey,Humphrey,GCS,Free Agent
429,1,719,2024-03-14T18:39:40+11:00,1,1012807,Sam,Berry,ADE,159.0,291856,Tom,Mitchell,COL,Free Agent
201,1,716,2024-03-14T18:46:14+11:00,400,1012857,Jack,Ginnivan,HAW,450.0,298281,Jake,Lever,MEL,Free Agent
242,1,717,2024-03-15T07:17:12+11:00,152,1012828,Finlay,Macrae,COL,503.0,1024272,Colby,McKercher,NTH,Free Agent
243,1,717,2024-03-15T18:55:48+11:00,441,1001438,Bayley,Fritsch,MEL,152.0,1012828,Finlay,Macrae,COL,Free Agent
3,1,713,2024-03-16T12:43:54+11:00,322,261510,Tom,Hawkins,GEE,461.0,1008541,Kysaiah,Pickett,MEL,Free Agent
2,1,713,2024-03-16T12:45:17+11:00,766,294859,Jeremy,McGovern,WCE,75.0,1002235,Cam,Rayner,BRL,Free Agent
364,1,718,2024-03-17T15:58:38+11:00,549,993979,Sam,Powell-Pepper,PTA,530.0,280711,Charlie,Dixon,PTA,Free Agent
244,2,717,2024-03-18T06:33:45+11:00,461,1008541,Kysaiah,Pickett,MEL,280.0,1006144,Ben,King,GCS,Free Agent
245,2,717,2024-03-18T06:35:41+11:00,75,1002235,Cam,Rayner,BRL,441.0,1001438,Bayley,Fritsch,MEL,Free Agent
0,2,720,2024-03-19T04:00:01+11:00,199,1015873,Archie,Perkins,ESS,181.0,298421,Jade,Gresham,ESS,Waiver
4,2,714,2024-03-19T04:00:01+11:00,272,993799,Brayden,Fiorini,GCS,592.0,290627,Dion,Prestia,RIC,Waiver
1,2,716,2024-03-19T04:00:01+11:00,530,280711,Charlie,Dixon,PTA,331.0,1004938,Gryan,Miers,GEE,Waiver
2,2,717,2024-03-19T04:00:01+11:00,434,296351,Jack,Billings,MEL,457.0,296420,Alex,Neal-Bullen,MEL,Waiver
3,2,719,2024-03-19T04:00:01+11:00,453,291533,Tom,McDonald,MEL,711.0,297899,James,Harmes,WBD,Waiver
9,2,718,2024-03-19T04:00:01+11:00,351,1014038,Callum M.,Brown,GWS,549.0,993979,Sam,Powell-Pepper,PTA,Waiver
8,2,714,2024-03-19T04:00:01+11:00,712,294101,Jason,Johannisen,WBD,220.0,997033,Brennan,Cox,FRE,Waiver
5,2,715,2024-03-19T04:00:01+11:00,159,291856,Tom,Mitchell,COL,397.0,1008550,Will,Day,HAW,Waiver
6,2,718,2024-03-19T04:00:01+11:00,396,1005144,Massimo,D'Ambrosio,HAW,128.0,294685,Zac,Williams,CAR,Waiver
7,2,719,2024-03-19T04:00:01+11:00,306,1012805,Tanner,Bruhn,GEE,508.0,1006058,Bailey,Scott,NTH,Waiver
31,2,713,2024-03-19T05:39:08+11:00,628,1006143,Max,King,STK,322.0,261510,Tom,Hawkins,GEE,Free Agent
30,2,713,2024-03-19T05:39:23+11:00,405,296254,Jarman,Impey,HAW,263.0,1008454,Connor,Budarick,GCS,Free Agent
32,2,713,2024-03-19T05:39:59+11:00,212,295067,James,Aish,FRE,164.0,1008089,Isaac,Quaynor,COL,Free Agent
27,2,713,2024-03-19T05:40:13+11:00,152,1012828,Finlay,Macrae,COL,151.0,1003130,Patrick,Lipinski,COL,Free Agent
478,2,720,2024-03-19T05:41:17+11:00,563,1002245,Noah,Balta,RIC,423.0,998114,Jack,Scrimshaw,HAW,Free Agent
479,2,720,2024-03-19T06:06:32+11:00,731,1009301,Jamarra,Ugle-Hagan,WBD,167.0,1000860,Lachie,Schultz,COL,Free Agent
246,2,717,2024-03-19T06:12:58+11:00,758,994385,Jayden,Hunt,WCE,749.0,298268,Liam,Duggan,WCE,Free Agent
247,2,717,2024-03-19T06:14:51+11:00,45,1005053,Noah,Answerth,BRL,75.0,1002235,Cam,Rayner,BRL,Free Agent
248,2,717,2024-03-19T06:29:46+11:00,261,1006100,Thomas,Berry,GCS,461.0,1008541,Kysaiah,Pickett,MEL,Free Agent
430,2,719,2024-03-19T08:15:28+11:00,696,1000864,Lachlan,Bramble,WBD,1.0,1012807,Sam,Berry,ADE,Free Agent
160,2,715,2024-03-20T14:33:44+11:00,331,1004938,Gryan,Miers,GEE,721.0,1002404,Aaron,Naughton,WBD,Free Agent
29,2,713,2024-03-20T17:06:20+11:00,421,1001024,Ned,Reeves,HAW,152.0,1012828,Finlay,Macrae,COL,Free Agent
10,2,719,2024-03-21T04:00:02+11:00,749,298268,Liam,Duggan,WCE,696.0,1000864,Lachlan,Bramble,WBD,Waiver
249,2,717,2024-03-21T04:24:56+11:00,151,1003130,Patrick,Lipinski,COL,410.0,1023482,Cam,Mackenzie,HAW,Free Agent
1,2,713,2024-03-21T16:54:20+11:00,566,993993,Shai,Bolton,RIC,,,,,,Trade
2,2,713,2024-03-21T16:54:20+11:00,615,294307,Brad,Crouch,STK,,,,,,Trade
0,2,713,2024-03-21T16:54:20+11:00,180,271129,Todd,Goldstein,ESS,,,,,,Trade
3,2,713,2024-03-21T16:54:20+11:00,68,1005521,Oscar,McInerney,BRL,,,,,,Trade
28,2,713,2024-03-21T18:00:34+11:00,675,1013230,Logan,McDonald,SYD,87.0,296294,Blake,Acres,CAR,Free Agent
11,2,719,2024-03-22T04:00:01+11:00,696,1000864,Lachlan,Bramble,WBD,306.0,1012805,Tanner,Bruhn,GEE,Waiver
101,2,714,2024-03-22T14:26:53+11:00,430,1027935,Josh,Weddle,HAW,778.0,998128,Alex,Witherden,WCE,Free Agent
250,2,717,2024-03-22T15:50:54+11:00,287,1021013,Ned,Moyle,GCS,47.0,1002312,Zac,Bailey,BRL,Free Agent
161,2,715,2024-03-22T18:06:07+11:00,498,1001017,Nick,Larkey,NTH,409.0,1017094,Connor,Macdonald,HAW,Free Agent
162,2,715,2024-03-23T13:43:47+11:00,503,1024272,Colby,McKercher,NTH,517.0,1023477,George,Wardlaw,NTH,Free Agent
431,2,719,2024-03-24T09:25:01+11:00,47,1002312,Zac,Bailey,BRL,696.0,1000864,Lachlan,Bramble,WBD,Free Agent
432,2,719,2024-03-24T15:58:03+11:00,523,250365,Travis,Boak,PTA,47.0,1002312,Zac,Bailey,BRL,Free Agent
12,3,720,2024-03-25T04:00:01+11:00,517,1023477,George,Wardlaw,NTH,731.0,1009301,Jamarra,Ugle-Hagan,WBD,Waiver
21,3,717,2024-03-26T04:00:01+11:00,677,1003203,Hayden,McLean,SYD,287.0,1021013,Ned,Moyle,GCS,Waiver
22,3,714,2024-03-26T04:00:01+11:00,343,292511,Zach,Tuohy,GEE,168.0,280965,Steele,Sidebottom,COL,Waiver
23,3,719,2024-03-26T04:00:01+11:00,508,1006058,Bailey,Scott,NTH,348.0,1009253,Lachie,Ash,GWS,Waiver
14,3,716,2024-03-26T04:00:01+11:00,696,1000864,Lachlan,Bramble,WBD,648.0,295340,Mason,Wood,STK,Waiver
13,3,713,2024-03-26T04:00:01+11:00,322,261510,Tom,Hawkins,GEE,421.0,1001024,Ned,Reeves,HAW,Waiver
24,3,717,2024-03-26T04:00:01+11:00,306,1012805,Tanner,Bruhn,GEE,607.0,994599,Riley,Bonner,STK,Waiver
20,3,716,2024-03-26T04:00:01+11:00,461,1008541,Kysaiah,Pickett,MEL,400.0,1012857,Jack,Ginnivan,HAW,Waiver
16,3,715,2024-03-26T04:00:01+11:00,562,1000223,Liam,Baker,RIC,256.0,998130,Ben,Ainsworth,GCS,Waiver
17,3,714,2024-03-26T04:00:01+11:00,87,296294,Blake,Acres,CAR,635.0,1020137,Mattaes,Phillipou,STK,Waiver
18,3,718,2024-03-26T04:00:01+11:00,543,1004998,Todd,Marshall,PTA,351.0,1014038,Callum M.,Brown,GWS,Waiver
15,3,717,2024-03-26T04:00:01+11:00,47,1002312,Zac,Bailey,BRL,261.0,1006100,Thomas,Berry,GCS,Waiver
19,3,719,2024-03-26T04:00:01+11:00,647,1023270,Marcus,Windhager,STK,523.0,250365,Travis,Boak,PTA,Waiver
433,3,719,2024-03-26T05:22:49+11:00,337,298419,Brandan,Parfitt,GEE,453.0,291533,Tom,McDonald,MEL,Free Agent
482,3,720,2024-03-26T05:22:57+11:00,704,1017126,Sam,Darcy,WBD,511.0,993998,Jy,Simpkin,NTH,Free Agent
481,3,720,2024-03-26T05:22:57+11:00,181,298421,Jade,Gresham,ESS,354.0,1023266,Finn,Callaghan,GWS,Free Agent
480,3,720,2024-03-26T05:22:57+11:00,423,998114,Jack,Scrimshaw,HAW,563.0,1002245,Noah,Balta,RIC,Free Agent
163,3,715,2024-03-26T05:57:00+11:00,721,1002404,Aaron,Naughton,WBD,498.0,1001017,Nick,Larkey,NTH,Free Agent
33,3,713,2024-03-26T06:11:44+11:00,335,1007102,Mark,O'Connor,GEE,405.0,296254,Jarman,Impey,HAW,Free Agent
102,3,714,2024-03-26T07:22:52+11:00,733,1011803,Cody,Weightman,WBD,295.0,294643,Alex,Sexton,GCS,Free Agent
251,3,717,2024-03-26T11:40:45+11:00,135,998647,Mason,Cox,COL,434.0,296351,Jack,Billings,MEL,Free Agent
34,3,713,2024-03-26T14:29:17+11:00,685,1012210,Matt,Roberts,SYD,615.0,294307,Brad,Crouch,STK,Free Agent
483,3,720,2024-03-27T11:59:23+11:00,636,293846,Sebastian,Ross,STK,581.0,993903,Jacob,Hopper,RIC,Free Agent
25,3,715,2024-03-28T04:00:01+11:00,434,296351,Jack,Billings,MEL,64.0,293716,Jarryd,Lyons,BRL,Waiver
252,3,717,2024-03-28T07:13:25+11:00,421,1001024,Ned,Reeves,HAW,135.0,998647,Mason,Cox,COL,Free Agent
103,3,714,2024-03-28T19:03:24+11:00,448,298264,Ed,Langdon,MEL,180.0,271129,Todd,Goldstein,ESS,Free Agent
253,3,717,2024-03-30T18:32:45+11:00,283,1004095,Jack,Lukosius,GCS,421.0,1001024,Ned,Reeves,HAW,Free Agent
104,3,714,2024-03-31T18:58:19+11:00,428,1017110,Josh,Ward,HAW,343.0,292511,Zach,Tuohy,GEE,Free Agent
7,3,717,2024-04-01T14:58:16+11:00,325,1015889,Max,Holmes,GEE,,,,,,Trade
6,3,717,2024-04-01T14:58:16+11:00,390,297354,Karl,Amon,HAW,,,,,,Trade
5,3,717,2024-04-01T14:58:16+11:00,257,1009199,Noah,Anderson,GCS,,,,,,Trade
4,3,717,2024-04-01T14:58:16+11:00,0,,,,,,,,,,Trade
254,3,717,2024-04-01T15:01:10+11:00,410,1023482,Cam,Mackenzie,HAW,,,,,,Free Agent
434,3,719,2024-04-01T15:04:47+11:00,310,999326,Brad,Close,GEE,367.0,993107,Harry,Himmelberg,GWS,Free Agent
255,3,717,2024-04-01T15:15:32+11:00,266,295446,Sam,Collins,GCS,410.0,1023482,Cam,Mackenzie,HAW,Free Agent
33,4,719,2024-04-03T04:00:01+11:00,75,1002235,Cam,Rayner,BRL,310.0,999326,Brad,Close,GEE,Waiver
32,4,717,2024-04-03T04:00:01+11:00,162,1000072,John,Noble,COL,23.0,990882,Wayne,Milera,ADE,Waiver
29,4,716,2024-04-03T04:00:01+11:00,214,998180,Bailey,Banfield,FRE,461.0,1008541,Kysaiah,Pickett,MEL,Waiver
30,4,714,2024-04-03T04:00:01+11:00,107,1012862,Elijah,Hollands,CAR,428.0,1017110,Josh,Ward,HAW,Waiver
28,4,718,2024-04-03T04:00:01+11:00,357,1002251,Brent,Daniels,GWS,160.0,298288,Darcy,Moore,COL,Waiver
27,4,713,2024-04-03T04:00:01+11:00,457,296420,Alex,Neal-Bullen,MEL,335.0,1007102,Mark,O'Connor,GEE,Waiver
26,4,720,2024-04-03T04:00:01+11:00,184,290629,Dyson,Heppell,ESS,181.0,298421,Jade,Gresham,ESS,Waiver
31,4,719,2024-04-03T04:00:01+11:00,367,993107,Harry,Himmelberg,GWS,508.0,1006058,Bailey,Scott,NTH,Waiver
435,4,719,2024-04-03T05:12:02+11:00,588,1002403,Ben,Miller,RIC,647.0,1023270,Marcus,Windhager,STK,Free Agent
256,4,717,2024-04-03T05:20:27+11:00,607,994599,Riley,Bonner,STK,677.0,1003203,Hayden,McLean,SYD,Free Agent
257,4,717,2024-04-03T05:20:54+11:00,676,1011936,Justin,McInerney,SYD,758.0,994385,Jayden,Hunt,WCE,Free Agent
105,4,714,2024-04-03T08:39:39+11:00,142,293801,Jamie,Elliott,COL,733.0,1011803,Cody,Weightman,WBD,Free Agent
258,4,717,2024-04-04T22:17:49+11:00,429,1023473,Nick,Watson,HAW,45.0,1005053,Noah,Answerth,BRL,Free Agent
35,4,713,2024-04-06T17:31:47+11:00,413,1000980,Lloyd,Meek,HAW,322.0,261510,Tom,Hawkins,GEE,Free Agent
259,4,717,2024-04-07T06:52:30+10:00,606,998134,Josh,Battle,STK,429.0,1023473,Nick,Watson,HAW,Free Agent
436,4,719,2024-04-07T15:15:29+10:00,402,291351,Jack,Gunston,HAW,588.0,1002403,Ben,Miller,RIC,Free Agent
34,5,715,2024-04-08T04:00:01+10:00,322,261510,Tom,Hawkins,GEE,434.0,296351,Jack,Billings,MEL,Waiver
38,5,716,2024-04-09T04:00:01+10:00,535,1010174,Mitch,Georgiades,PTA,19.0,993946,Ben,Keays,ADE,Waiver
37,5,718,2024-04-09T04:00:01+10:00,622,1002227,Jack,Higgins,STK,190.0,298630,Kyle,Langford,ESS,Waiver
36,5,713,2024-04-09T04:00:01+10:00,127,993832,Jacob,Weitering,CAR,675.0,1013230,Logan,McDonald,SYD,Waiver
39,5,714,2024-04-09T04:00:01+10:00,265,1013257,Sam,Clohesy,GCS,107.0,1012862,Elijah,Hollands,CAR,Waiver
35,5,720,2024-04-09T04:00:01+10:00,480,1015781,Charlie,Comben,NTH,302.0,994386,Tom,Atkins,GEE,Waiver
437,5,719,2024-04-09T05:15:15+10:00,305,998260,Jack,Bowes,GEE,75.0,1002235,Cam,Rayner,BRL,Free Agent
438,5,719,2024-04-09T05:15:27+10:00,37,1017109,Jake,Soligo,ADE,402.0,291351,Jack,Gunston,HAW,Free Agent
439,5,719,2024-04-09T05:16:04+10:00,314,1025034,Oliver,Dempsey,GEE,462.0,1009378,Trent,Rivers,MEL,Free Agent
40,5,713,2024-04-09T07:04:44+10:00,66,293581,Lincoln,McCarthy,BRL,533.0,1002253,Kane,Farrell,PTA,Free Agent
39,5,713,2024-04-09T07:05:41+10:00,577,990827,Jack,Graham,RIC,66.0,293581,Lincoln,McCarthy,BRL,Free Agent
106,5,714,2024-04-09T07:33:54+10:00,735,992351,Bailey,Williams,WBD,142.0,293801,Jamie,Elliott,COL,Free Agent
107,5,714,2024-04-09T07:35:04+10:00,623,295584,Bradley,Hill,STK,448.0,298264,Ed,Langdon,MEL,Free Agent
36,5,713,2024-04-09T08:54:20+10:00,468,999391,Tom,Sparrow,MEL,685.0,1012210,Matt,Roberts,SYD,Free Agent
108,5,714,2024-04-09T12:04:44+10:00,243,1009380,Jeremy,Sharp,FRE,30.0,1017051,Josh,Rachele,ADE,Free Agent
170,5,715,2024-04-09T19:00:17+10:00,397,1008550,Will,Day,HAW,503.0,1024272,Colby,McKercher,NTH,Free Agent
164,5,715,2024-04-10T04:34:56+10:00,302,994386,Tom,Atkins,GEE,721.0,1002404,Aaron,Naughton,WBD,Free Agent
260,5,717,2024-04-10T05:29:38+10:00,179,1006096,Xavier,Duursma,ESS,463.0,296359,Christian,Salem,MEL,Free Agent
261,5,717,2024-04-11T18:11:26+10:00,30,1017051,Josh,Rachele,ADE,162.0,1000072,John,Noble,COL,Free Agent
365,5,718,2024-04-11T19:25:42+10:00,441,1001438,Bayley,Fritsch,MEL,534.0,298111,Jeremy,Finlayson,PTA,Free Agent
8,5,713,2024-04-11T19:26:22+10:00,457,296420,Alex,Neal-Bullen,MEL,,,,,,Trade
10,5,713,2024-04-11T19:26:22+10:00,194,998102,Andrew,McGrath,ESS,,,,,,Trade
11,5,713,2024-04-11T19:26:22+10:00,719,295467,Jack,Macrae,WBD,,,,,,Trade
12,5,713,2024-04-11T19:26:22+10:00,369,1008083,Connor,Idun,GWS,,,,,,Trade
15,5,713,2024-04-11T19:26:22+10:00,127,993832,Jacob,Weitering,CAR,,,,,,Trade
9,5,713,2024-04-11T19:26:22+10:00,372,296347,Josh,Kelly,GWS,,,,,,Trade
13,5,713,2024-04-11T19:26:22+10:00,154,992010,Brayden,Maynard,COL,,,,,,Trade
14,5,713,2024-04-11T19:26:22+10:00,663,1013128,Errol,Gulden,SYD,,,,,,Trade
262,5,717,2024-04-12T05:41:25+10:00,721,1002404,Aaron,Naughton,WBD,30.0,1017051,Josh,Rachele,ADE,Free Agent
263,5,717,2024-04-12T11:50:15+10:00,109,1009241,Brodie,Kemp,CAR,525.0,992128,Ryan,Burton,PTA,Free Agent
169,5,715,2024-04-12T18:12:04+10:00,503,1024272,Colby,McKercher,NTH,703.0,295136,Caleb,Daniel,WBD,Free Agent
18,5,713,2024-04-13T12:55:04+10:00,87,296294,Blake,Acres,CAR,,,,,,Trade
17,5,713,2024-04-13T12:55:04+10:00,0,,,,,,,,,,Trade
19,5,713,2024-04-13T12:55:04+10:00,681,996765,Tom,Papley,SYD,,,,,,Trade
16,5,713,2024-04-13T12:55:04+10:00,154,992010,Brayden,Maynard,COL,,,,,,Trade
38,5,713,2024-04-13T12:57:37+10:00,405,296254,Jarman,Impey,HAW,,,,,,Free Agent
168,5,715,2024-04-13T13:05:14+10:00,340,997230,Tyson,Stengle,GEE,503.0,1024272,Colby,McKercher,NTH,Free Agent
37,5,713,2024-04-13T13:32:01+10:00,18,1013974,Mark,Keane,ADE,369.0,1008083,Connor,Idun,GWS,Free Agent
167,5,715,2024-04-13T19:08:28+10:00,339,280317,Rhys,Stanley,GEE,397.0,1008550,Will,Day,HAW,Free Agent
264,5,717,2024-04-14T06:49:31+10:00,504,1006193,Bigoa,Nyuon,NTH,676.0,1011936,Justin,McInerney,SYD,Free Agent
166,5,715,2024-04-14T12:09:22+10:00,511,993998,Jy,Simpkin,NTH,322.0,261510,Tom,Hawkins,GEE,Free Agent
203,5,716,2024-04-14T12:13:50+10:00,324,1012860,Oliver,Henry,GEE,667.0,1013409,James,Jordon,SYD,Free Agent
165,5,715,2024-04-14T12:15:25+10:00,745,290826,Jamie,Cripps,WCE,511.0,993998,Jy,Simpkin,NTH,Free Agent
40,6,719,2024-04-15T04:00:01+10:00,397,1008550,Will,Day,HAW,314.0,1025034,Oliver,Dempsey,GEE,Waiver
41,6,715,2024-04-15T04:00:01+10:00,369,1008083,Connor,Idun,GWS,745.0,290826,Jamie,Cripps,WCE,Waiver
265,6,717,2024-04-15T06:08:27+10:00,430,1027935,Josh,Weddle,HAW,721.0,1002404,Aaron,Naughton,WBD,Free Agent
47,6,718,2024-04-16T04:00:02+10:00,348,1009253,Lachie,Ash,GWS,543.0,1004998,Todd,Marshall,PTA,Waiver
43,6,718,2024-04-16T04:00:02+10:00,258,1017396,Mac,Andrew,GCS,441.0,1001438,Bayley,Fritsch,MEL,Waiver
44,6,716,2024-04-16T04:00:02+10:00,190,298630,Kyle,Langford,ESS,324.0,1012860,Oliver,Henry,GEE,Waiver
45,6,715,2024-04-16T04:00:02+10:00,703,295136,Caleb,Daniel,WBD,340.0,997230,Tyson,Stengle,GEE,Waiver
46,6,717,2024-04-16T04:00:02+10:00,533,1002253,Kane,Farrell,PTA,430.0,1027935,Josh,Weddle,HAW,Waiver
49,6,717,2024-04-16T04:00:02+10:00,685,1012210,Matt,Roberts,SYD,306.0,1012805,Tanner,Bruhn,GEE,Waiver
48,6,716,2024-04-16T04:00:02+10:00,486,1023475,Blake,Drury,NTH,535.0,1010174,Mitch,Georgiades,PTA,Waiver
42,6,717,2024-04-16T04:00:02+10:00,75,1002235,Cam,Rayner,BRL,109.0,1009241,Brodie,Kemp,CAR,Waiver
484,6,720,2024-04-16T05:17:50+10:00,178,1015810,Sam,Durham,ESS,417.0,1007124,Conor,Nash,HAW,Free Agent
440,6,719,2024-04-16T05:18:20+10:00,247,992059,Sam,Switkowski,FRE,114.0,297255,Mitch,McGovern,CAR,Free Agent
41,6,713,2024-04-16T05:38:20+10:00,128,294685,Zac,Williams,CAR,405.0,296254,Jarman,Impey,HAW,Free Agent
266,6,717,2024-04-16T06:58:55+10:00,110,1001398,Matthew,Kennedy,CAR,151.0,1003130,Patrick,Lipinski,COL,Free Agent
267,6,717,2024-04-16T16:56:38+10:00,772,1004364,Liam,Ryan,WCE,47.0,1002312,Zac,Bailey,BRL,Free Agent
441,6,719,2024-04-16T17:39:00+10:00,249,1012819,Josh,Treacy,FRE,247.0,992059,Sam,Switkowski,FRE,Free Agent
42,6,713,2024-04-17T12:43:40+10:00,63,1014026,Kai,Lohmann,BRL,628.0,1006143,Max,King,STK,Free Agent
110,6,714,2024-04-17T19:16:45+10:00,773,296296,Dom,Sheed,WCE,243.0,1009380,Jeremy,Sharp,FRE,Free Agent
367,6,718,2024-04-17T23:04:07+10:00,711,297899,James,Harmes,WBD,124.0,295461,Adam,Saad,CAR,Free Agent
366,6,718,2024-04-17T23:07:34+10:00,667,1013409,James,Jordon,SYD,711.0,297899,James,Harmes,WBD,Free Agent
176,6,715,2024-04-18T18:22:32+10:00,64,293716,Jarryd,Lyons,BRL,339.0,280317,Rhys,Stanley,GEE,Free Agent
175,6,715,2024-04-18T18:43:55+10:00,151,1003130,Patrick,Lipinski,COL,703.0,295136,Caleb,Daniel,WBD,Free Agent
177,6,715,2024-04-18T18:44:39+10:00,322,261510,Tom,Hawkins,GEE,726.0,1017939,Ryley,Sanders,WBD,Free Agent
204,6,716,2024-04-18T18:55:04+10:00,535,1010174,Mitch,Georgiades,PTA,530.0,280711,Charlie,Dixon,PTA,Free Agent
205,6,716,2024-04-18T18:56:30+10:00,386,280109,Callan,Ward,GWS,696.0,1000864,Lachlan,Bramble,WBD,Free Agent
174,6,715,2024-04-19T00:11:06+10:00,19,993946,Ben,Keays,ADE,369.0,1008083,Connor,Idun,GWS,Free Agent
173,6,715,2024-04-19T14:44:35+10:00,48,998133,Jarrod,Berry,BRL,64.0,293716,Jarryd,Lyons,BRL,Free Agent
172,6,715,2024-04-20T09:07:06+10:00,369,1008083,Connor,Idun,GWS,322.0,261510,Tom,Hawkins,GEE,Free Agent
171,6,715,2024-04-20T09:08:07+10:00,581,993903,Jacob,Hopper,RIC,369.0,1008083,Connor,Idun,GWS,Free Agent
268,6,717,2024-04-20T13:43:00+10:00,162,1000072,John,Noble,COL,266.0,295446,Sam,Collins,GCS,Free Agent
109,6,714,2024-04-20T19:17:36+10:00,243,1009380,Jeremy,Sharp,FRE,773.0,296296,Dom,Sheed,WCE,Free Agent
269,6,717,2024-04-21T00:19:09+10:00,462,1009378,Trent,Rivers,MEL,685.0,1012210,Matt,Roberts,SYD,Free Agent
43,6,713,2024-04-21T12:46:50+10:00,256,998130,Ben,Ainsworth,GCS,577.0,990827,Jack,Graham,RIC,Free Agent
485,6,720,2024-04-21T15:53:58+10:00,417,1007124,Conor,Nash,HAW,517.0,1023477,George,Wardlaw,NTH,Free Agent
50,7,714,2024-04-22T04:00:01+10:00,685,1012210,Matt,Roberts,SYD,243.0,1009380,Jeremy,Sharp,FRE,Waiver
48,7,713,2024-04-22T04:08:00+10:00,266,295446,Sam,Collins,GCS,128.0,294685,Zac,Williams,CAR,Free Agent
47,7,713,2024-04-22T04:08:24+10:00,369,1008083,Connor,Idun,GWS,256.0,998130,Ben,Ainsworth,GCS,Free Agent
57,7,714,2024-04-23T04:00:01+10:00,123,298290,Marc,Pittonet,CAR,735.0,992351,Bailey,Williams,WBD,Waiver
58,7,716,2024-04-23T04:00:01+10:00,42,1011981,Josh,Worrell,ADE,386.0,280109,Callan,Ward,GWS,Waiver
53,7,719,2024-04-23T04:00:01+10:00,676,1011936,Justin,McInerney,SYD,249.0,1012819,Josh,Treacy,FRE,Waiver
54,7,715,2024-04-23T04:00:01+10:00,530,280711,Charlie,Dixon,PTA,19.0,993946,Ben,Keays,ADE,Waiver
56,7,717,2024-04-23T04:00:01+10:00,647,1023270,Marcus,Windhager,STK,504.0,1006193,Bigoa,Nyuon,NTH,Waiver
55,7,716,2024-04-23T04:00:01+10:00,588,1002403,Ben,Miller,RIC,486.0,1023475,Blake,Drury,NTH,Waiver
51,7,720,2024-04-23T04:00:01+10:00,775,996554,Jake,Waterman,WCE,704.0,1017126,Sam,Darcy,WBD,Waiver
52,7,713,2024-04-23T04:00:01+10:00,577,990827,Jack,Graham,RIC,63.0,1014026,Kai,Lohmann,BRL,Waiver
49,7,713,2024-04-23T05:04:30+10:00,658,998103,Oliver,Florent,SYD,369.0,1008083,Connor,Idun,GWS,Free Agent
46,7,713,2024-04-23T05:04:42+10:00,320,1004870,Zach,Guthrie,GEE,266.0,295446,Sam,Collins,GCS,Free Agent
45,7,713,2024-04-23T05:04:50+10:00,340,997230,Tyson,Stengle,GEE,18.0,1013974,Mark,Keane,ADE,Free Agent
270,7,717,2024-04-23T05:05:12+10:00,721,1002404,Aaron,Naughton,WBD,606.0,998134,Josh,Battle,STK,Free Agent
271,7,717,2024-04-23T05:05:47+10:00,453,291533,Tom,McDonald,MEL,179.0,1006096,Xavier,Duursma,ESS,Free Agent
272,7,717,2024-04-23T05:20:34+10:00,186,1017088,Ben,Hobbs,ESS,162.0,1000072,John,Noble,COL,Free Agent
368,7,718,2024-04-23T07:00:36+10:00,711,297899,James,Harmes,WBD,622.0,1002227,Jack,Higgins,STK,Free Agent
486,7,720,2024-04-23T07:18:32+10:00,679,993905,Callum,Mills,SYD,417.0,1007124,Conor,Nash,HAW,Free Agent
44,7,713,2024-04-23T15:47:42+10:00,319,290550,Cameron,Guthrie,GEE,320.0,1004870,Zach,Guthrie,GEE,Free Agent
59,7,717,2024-04-25T04:00:01+10:00,417,1007124,Conor,Nash,HAW,772.0,1004364,Liam,Ryan,WCE,Waiver
273,7,717,2024-04-25T09:45:44+10:00,556,992330,Jordon,Sweet,PTA,417.0,1007124,Conor,Nash,HAW,Free Agent
274,7,717,2024-04-25T09:56:14+10:00,56,298211,Darcy,Fort,BRL,186.0,1017088,Ben,Hobbs,ESS,Free Agent
369,7,718,2024-04-25T10:07:31+10:00,45,1005053,Noah,Answerth,BRL,776.0,1006114,Bailey J.,Williams,WCE,Free Agent
206,7,716,2024-04-25T14:26:44+10:00,261,1006100,Thomas,Berry,GCS,190.0,298630,Kyle,Langford,ESS,Free Agent
370,7,718,2024-04-27T09:06:23+10:00,417,1007124,Conor,Nash,HAW,396.0,1005144,Massimo,D'Ambrosio,HAW,Free Agent
371,7,718,2024-04-27T13:32:33+10:00,19,993946,Ben,Keays,ADE,711.0,297899,James,Harmes,WBD,Free Agent
207,7,716,2024-04-27T16:14:39+10:00,406,998390,Changkuoth,Jiath,HAW,127.0,993832,Jacob,Weitering,CAR,Free Agent
60,8,717,2024-04-29T04:00:01+10:00,127,993832,Jacob,Weitering,CAR,56.0,298211,Darcy,Fort,BRL,Waiver
372,8,718,2024-04-29T21:55:13+10:00,396,1005144,Massimo,D'Ambrosio,HAW,417.0,1007124,Conor,Nash,HAW,Free Agent
64,8,716,2024-04-30T04:00:01+10:00,249,1012819,Josh,Treacy,FRE,261.0,1006100,Thomas,Berry,GCS,Waiver
63,8,714,2024-04-30T04:00:01+10:00,450,298281,Jake,Lever,MEL,488.0,999827,Zac,Fisher,NTH,Waiver
62,8,715,2024-04-30T04:00:01+10:00,160,298288,Darcy,Moore,COL,581.0,993903,Jacob,Hopper,RIC,Waiver
61,8,718,2024-04-30T04:00:01+10:00,524,1013462,Jase,Burgoyne,PTA,396.0,1005144,Massimo,D'Ambrosio,HAW,Waiver
275,8,717,2024-04-30T05:18:37+10:00,503,1024272,Colby,McKercher,NTH,453.0,291533,Tom,McDonald,MEL,Free Agent
276,8,717,2024-04-30T05:22:50+10:00,354,1023266,Finn,Callaghan,GWS,127.0,993832,Jacob,Weitering,CAR,Free Agent
487,8,720,2024-04-30T06:44:31+10:00,306,1012805,Tanner,Bruhn,GEE,636.0,293846,Sebastian,Ross,STK,Free Agent
442,8,719,2024-04-30T07:04:04+10:00,162,1000072,John,Noble,COL,337.0,298419,Brandan,Parfitt,GEE,Free Agent
208,8,716,2024-04-30T07:42:23+10:00,190,298630,Kyle,Langford,ESS,588.0,1002403,Ben,Miller,RIC,Free Agent
209,8,716,2024-04-30T10:11:19+10:00,320,1004870,Zach,Guthrie,GEE,406.0,998390,Changkuoth,Jiath,HAW,Free Agent
50,8,713,2024-05-01T12:19:58+10:00,628,1006143,Max,King,STK,312.0,270917,Patrick,Dangerfield,GEE,Free Agent
488,8,720,2024-05-02T07:40:11+10:00,46,1023517,Will,Ashcroft,BRL,679.0,993905,Callum,Mills,SYD,Free Agent
178,8,715,2024-05-02T11:45:13+10:00,636,293846,Sebastian,Ross,STK,302.0,994386,Tom,Atkins,GEE,Free Agent
277,8,717,2024-05-02T18:22:54+10:00,180,271129,Todd,Goldstein,ESS,75.0,1002235,Cam,Rayner,BRL,Free Agent
179,8,715,2024-05-02T18:22:59+10:00,648,295340,Mason,Wood,STK,636.0,293846,Sebastian,Ross,STK,Free Agent
278,8,717,2024-05-02T19:36:07+10:00,47,1002312,Zac,Bailey,BRL,180.0,271129,Todd,Goldstein,ESS,Free Agent
51,8,713,2024-05-02T21:01:39+10:00,704,1017126,Sam,Darcy,WBD,577.0,990827,Jack,Graham,RIC,Free Agent
279,8,717,2024-05-03T18:57:03+10:00,631,294596,Tim,Membrey,STK,47.0,1002312,Zac,Bailey,BRL,Free Agent
280,8,717,2024-05-04T06:22:10+10:00,75,1002235,Cam,Rayner,BRL,631.0,294596,Tim,Membrey,STK,Free Agent
180,8,715,2024-05-04T08:24:25+10:00,581,993903,Jacob,Hopper,RIC,648.0,295340,Mason,Wood,STK,Free Agent
281,8,717,2024-05-04T16:17:55+10:00,592,290627,Dion,Prestia,RIC,607.0,994599,Riley,Bonner,STK,Free Agent
210,8,716,2024-05-04T18:37:36+10:00,51,1006059,Keidean,Coleman,BRL,320.0,1004870,Zach,Guthrie,GEE,Free Agent
111,8,714,2024-05-04T23:26:49+10:00,563,1002245,Noah,Balta,RIC,272.0,993799,Brayden,Fiorini,GCS,Free Agent
65,9,713,2024-05-06T04:00:01+10:00,320,1004870,Zach,Guthrie,GEE,628.0,1006143,Max,King,STK,Waiver
66,9,715,2024-05-06T04:00:01+10:00,648,295340,Mason,Wood,STK,581.0,993903,Jacob,Hopper,RIC,Waiver
67,9,714,2024-05-06T04:00:01+10:00,607,994599,Riley,Bonner,STK,685.0,1012210,Matt,Roberts,SYD,Waiver
211,9,716,2024-05-06T09:21:10+10:00,272,993799,Brayden,Fiorini,GCS,51.0,1006059,Keidean,Coleman,BRL,Free Agent
72,9,716,2024-05-07T04:00:01+10:00,619,990840,Jack,Hayes,STK,535.0,1010174,Mitch,Georgiades,PTA,Waiver
75,9,718,2024-05-07T04:00:01+10:00,665,997100,Will,Hayward,SYD,45.0,1005053,Noah,Answerth,BRL,Waiver
74,9,714,2024-05-07T04:00:01+10:00,405,296254,Jarman,Impey,HAW,177.0,1005577,Sam,Draper,ESS,Waiver
73,9,715,2024-05-07T04:00:01+10:00,302,994386,Tom,Atkins,GEE,160.0,298288,Darcy,Moore,COL,Waiver
70,9,717,2024-05-07T04:00:01+10:00,114,297255,Mitch,McGovern,CAR,533.0,1002253,Kane,Farrell,PTA,Waiver
69,9,719,2024-05-07T04:00:01+10:00,488,999827,Zac,Fisher,NTH,555.0,998529,Ivan,Soldo,PTA,Waiver
68,9,720,2024-05-07T04:00:01+10:00,517,1023477,George,Wardlaw,NTH,306.0,1012805,Tanner,Bruhn,GEE,Waiver
71,9,718,2024-05-07T04:00:01+10:00,522,1009191,Miles,Bergman,PTA,19.0,993946,Ben,Keays,ADE,Waiver
443,9,719,2024-05-07T05:01:22+10:00,711,297899,James,Harmes,WBD,162.0,1000072,John,Noble,COL,Free Agent
52,9,713,2024-05-07T05:01:27+10:00,588,1002403,Ben,Miller,RIC,704.0,1017126,Sam,Darcy,WBD,Free Agent
53,9,713,2024-05-07T05:01:38+10:00,378,1006013,James,Peatling,GWS,319.0,290550,Cameron,Guthrie,GEE,Free Agent
282,9,717,2024-05-07T05:06:14+10:00,403,993794,Blake,Hardwick,HAW,75.0,1002235,Cam,Rayner,BRL,Free Agent
490,9,720,2024-05-07T05:14:05+10:00,615,294307,Brad,Crouch,STK,46.0,1023517,Will,Ashcroft,BRL,Free Agent
373,9,718,2024-05-07T06:46:55+10:00,417,1007124,Conor,Nash,HAW,524.0,1013462,Jase,Burgoyne,PTA,Free Agent
112,9,714,2024-05-07T07:26:44+10:00,636,293846,Sebastian,Ross,STK,712.0,294101,Jason,Johannisen,WBD,Free Agent
54,9,713,2024-05-07T22:11:20+10:00,534,298111,Jeremy,Finlayson,PTA,468.0,999391,Tom,Sparrow,MEL,Free Agent
55,9,713,2024-05-08T16:31:52+10:00,295,294643,Alex,Sexton,GCS,534.0,298111,Jeremy,Finlayson,PTA,Free Agent
113,9,714,2024-05-08T22:54:03+10:00,461,1008541,Kysaiah,Pickett,MEL,681.0,996765,Tom,Papley,SYD,Free Agent
283,9,717,2024-05-08T23:06:46+10:00,726,1017939,Ryley,Sanders,WBD,283.0,1004095,Jack,Lukosius,GCS,Free Agent
491,9,720,2024-05-09T09:18:14+10:00,511,993998,Jy,Simpkin,NTH,480.0,1015781,Charlie,Comben,NTH,Free Agent
374,9,718,2024-05-09T13:08:32+10:00,177,1005577,Sam,Draper,ESS,348.0,1009253,Lachie,Ash,GWS,Free Agent
284,9,717,2024-05-09T18:24:04+10:00,646,1027875,Darcy,Wilson,STK,726.0,1017939,Ryley,Sanders,WBD,Free Agent
56,9,713,2024-05-09T18:24:09+10:00,577,990827,Jack,Graham,RIC,378.0,1006013,James,Peatling,GWS,Free Agent
375,9,718,2024-05-09T18:24:35+10:00,677,1003203,Hayden,McLean,SYD,177.0,1005577,Sam,Draper,ESS,Free Agent
285,9,717,2024-05-09T18:27:26+10:00,319,290550,Cameron,Guthrie,GEE,646.0,1027875,Darcy,Wilson,STK,Free Agent
212,9,716,2024-05-09T18:58:13+10:00,386,280109,Callan,Ward,GWS,272.0,993799,Brayden,Fiorini,GCS,Free Agent
489,9,720,2024-05-09T19:06:34+10:00,337,298419,Brandan,Parfitt,GEE,511.0,993998,Jy,Simpkin,NTH,Free Agent
444,9,719,2024-05-10T10:44:33+10:00,180,271129,Todd,Goldstein,ESS,711.0,297899,James,Harmes,WBD,Free Agent
286,9,717,2024-05-10T10:57:55+10:00,162,1000072,John,Noble,COL,556.0,992330,Jordon,Sweet,PTA,Free Agent
376,9,718,2024-05-10T19:01:55+10:00,534,298111,Jeremy,Finlayson,PTA,633.0,1023272,Mitch,Owens,STK,Free Agent
114,9,714,2024-05-10T22:46:47+10:00,581,993903,Jacob,Hopper,RIC,265.0,1013257,Sam,Clohesy,GCS,Free Agent
287,9,717,2024-05-11T04:33:58+10:00,283,1004095,Jack,Lukosius,GCS,162.0,1000072,John,Noble,COL,Free Agent
288,10,717,2024-05-13T05:12:09+10:00,162,1000072,John,Noble,COL,283.0,1004095,Jack,Lukosius,GCS,Free Agent
78,10,716,2024-05-14T04:00:02+10:00,646,1027875,Darcy,Wilson,STK,386.0,280109,Callan,Ward,GWS,Waiver
84,10,718,2024-05-14T04:00:02+10:00,726,1017939,Ryley,Sanders,WBD,677.0,1003203,Hayden,McLean,SYD,Waiver
80,10,714,2024-05-14T04:00:02+10:00,168,280965,Steele,Sidebottom,COL,461.0,1008541,Kysaiah,Pickett,MEL,Waiver
83,10,714,2024-05-14T04:00:02+10:00,185,297452,Nick,Hind,ESS,636.0,293846,Sebastian,Ross,STK,Waiver
82,10,716,2024-05-14T04:00:02+10:00,165,1008239,Joe,Richards,COL,214.0,998180,Bailey,Banfield,FRE,Waiver
81,10,718,2024-05-14T04:00:02+10:00,704,1017126,Sam,Darcy,WBD,534.0,298111,Jeremy,Finlayson,PTA,Waiver
76,10,713,2024-05-14T04:00:02+10:00,711,297899,James,Harmes,WBD,577.0,990827,Jack,Graham,RIC,Waiver
77,10,720,2024-05-14T04:00:02+10:00,267,1013268,Alex,Davies,GCS,337.0,298419,Brandan,Parfitt,GEE,Waiver
79,10,715,2024-05-14T04:00:02+10:00,556,992330,Jordon,Sweet,PTA,304.0,296733,Mark,Blicavs,GEE,Waiver
289,10,717,2024-05-14T05:01:47+10:00,778,998128,Alex,Witherden,WCE,354.0,1023266,Finn,Callaghan,GWS,Free Agent
290,10,717,2024-05-14T05:02:18+10:00,480,1015781,Charlie,Comben,NTH,462.0,1009378,Trent,Rivers,MEL,Free Agent
115,10,714,2024-05-14T08:25:28+10:00,265,1013257,Sam,Clohesy,GCS,563.0,1002245,Noah,Balta,RIC,Free Agent
116,10,714,2024-05-14T08:27:40+10:00,681,996765,Tom,Papley,SYD,581.0,993903,Jacob,Hopper,RIC,Free Agent
213,10,716,2024-05-14T16:03:47+10:00,739,990290,Tom,Barrass,WCE,42.0,1011981,Josh,Worrell,ADE,Free Agent
291,10,717,2024-05-14T16:25:35+10:00,47,1002312,Zac,Bailey,BRL,319.0,290550,Cameron,Guthrie,GEE,Free Agent
181,10,715,2024-05-14T19:36:36+10:00,752,993902,Matt,Flynn,WCE,302.0,994386,Tom,Atkins,GEE,Free Agent
292,10,717,2024-05-15T19:01:38+10:00,287,1021013,Ned,Moyle,GCS,47.0,1002312,Zac,Bailey,BRL,Free Agent
293,10,717,2024-05-16T04:03:39+10:00,319,290550,Cameron,Guthrie,GEE,403.0,993794,Blake,Hardwick,HAW,Free Agent
294,10,717,2024-05-16T17:58:17+10:00,703,295136,Caleb,Daniel,WBD,480.0,1015781,Charlie,Comben,NTH,Free Agent
380,10,718,2024-05-16T18:35:22+10:00,311,1017063,Toby,Conway,GEE,726.0,1017939,Ryley,Sanders,WBD,Free Agent
214,10,716,2024-05-16T18:35:34+10:00,160,298288,Darcy,Moore,COL,619.0,990840,Jack,Hayes,STK,Free Agent
379,10,718,2024-05-16T18:38:18+10:00,776,1006114,Bailey J.,Williams,WCE,522.0,1009191,Miles,Bergman,PTA,Free Agent
378,10,718,2024-05-16T19:16:09+10:00,272,993799,Brayden,Fiorini,GCS,776.0,1006114,Bailey J.,Williams,WCE,Free Agent
215,10,716,2024-05-17T09:26:33+10:00,354,1023266,Finn,Callaghan,GWS,165.0,1008239,Joe,Richards,COL,Free Agent
182,10,715,2024-05-17T17:10:49+10:00,557,1017128,Dante,Visentini,PTA,556.0,992330,Jordon,Sweet,PTA,Free Agent
183,10,715,2024-05-17T20:20:22+10:00,523,250365,Travis,Boak,PTA,752.0,993902,Matt,Flynn,WCE,Free Agent
57,10,713,2024-05-18T10:36:36+10:00,47,1002312,Zac,Bailey,BRL,588.0,1002403,Ben,Miller,RIC,Free Agent
58,10,713,2024-05-18T10:36:56+10:00,622,1002227,Jack,Higgins,STK,47.0,1002312,Zac,Bailey,BRL,Free Agent
295,10,717,2024-05-18T15:50:31+10:00,468,999391,Tom,Sparrow,MEL,703.0,295136,Caleb,Daniel,WBD,Free Agent
184,10,715,2024-05-19T14:14:10+10:00,776,1006114,Bailey J.,Williams,WCE,557.0,1017128,Dante,Visentini,PTA,Free Agent
377,10,718,2024-05-19T15:14:24+10:00,522,1009191,Miles,Bergman,PTA,417.0,1007124,Conor,Nash,HAW,Free Agent
296,11,717,2024-05-20T04:27:47+10:00,47,1002312,Zac,Bailey,BRL,319.0,290550,Cameron,Guthrie,GEE,Free Agent
297,11,717,2024-05-20T04:28:03+10:00,588,1002403,Ben,Miller,RIC,778.0,998128,Alex,Witherden,WCE,Free Agent
85,11,719,2024-05-21T04:00:02+10:00,403,993794,Blake,Hardwick,HAW,585.0,290847,Dustin,*** Martin,RIC,Waiver
87,11,713,2024-05-21T04:00:02+10:00,124,295461,Adam,Saad,CAR,622.0,1002227,Jack,Higgins,STK,Waiver
88,11,716,2024-05-21T04:00:02+10:00,182,996232,Matt,Guelfi,ESS,160.0,298288,Darcy,Moore,COL,Waiver
89,11,714,2024-05-21T04:00:02+10:00,556,992330,Jordon,Sweet,PTA,450.0,298281,Jake,Lever,MEL,Waiver
90,11,713,2024-05-21T04:00:02+10:00,312,270917,Patrick,Dangerfield,GEE,212.0,295067,James,Aish,FRE,Waiver
86,11,717,2024-05-21T04:00:02+10:00,463,296359,Christian,Salem,MEL,468.0,999391,Tom,Sparrow,MEL,Waiver
91,11,716,2024-05-21T04:00:02+10:00,735,992351,Bailey,Williams,WBD,354.0,1023266,Finn,Callaghan,GWS,Waiver
298,11,717,2024-05-21T05:00:07+10:00,752,993902,Matt,Flynn,WCE,287.0,1021013,Ned,Moyle,GCS,Free Agent
299,11,717,2024-05-21T05:03:49+10:00,211,298289,Peter,Wright,ESS,588.0,1002403,Ben,Miller,RIC,Free Agent
300,11,717,2024-05-21T05:07:16+10:00,417,1007124,Conor,Nash,HAW,592.0,290627,Dion,Prestia,RIC,Free Agent
301,11,717,2024-05-21T05:07:53+10:00,524,1013462,Jase,Burgoyne,PTA,114.0,297255,Mitch,McGovern,CAR,Free Agent
381,11,718,2024-05-21T06:46:03+10:00,238,294613,Jaeger,O'Meara,FRE,272.0,993799,Brayden,Fiorini,GCS,Free Agent
382,11,718,2024-05-21T06:48:28+10:00,533,1002253,Kane,Farrell,PTA,522.0,1009191,Miles,Bergman,PTA,Free Agent
117,11,714,2024-05-21T07:12:58+10:00,677,1003203,Hayden,McLean,SYD,265.0,1013257,Sam,Clohesy,GCS,Free Agent
185,11,715,2024-05-21T18:53:54+10:00,679,993905,Callum,Mills,SYD,523.0,250365,Travis,Boak,PTA,Free Agent
186,11,715,2024-05-21T18:54:40+10:00,555,998529,Ivan,Soldo,PTA,776.0,1006114,Bailey J.,Williams,WCE,Free Agent
445,11,719,2024-05-21T20:17:53+10:00,84,1017067,Darcy,Wilmot,BRL,682.0,290778,Luke,Parker,SYD,Free Agent
92,11,715,2024-05-22T04:00:01+10:00,585,290847,Dustin,*** Martin,RIC,530.0,280711,Charlie,Dixon,PTA,Waiver
93,11,719,2024-05-22T04:00:01+10:00,212,295067,James,Aish,FRE,84.0,1017067,Darcy,Wilmot,BRL,Waiver
118,11,714,2024-05-22T11:46:45+10:00,557,1017128,Dante,Visentini,PTA,681.0,996765,Tom,Papley,SYD,Free Agent
94,11,713,2024-05-23T04:00:02+10:00,523,250365,Travis,Boak,PTA,340.0,997230,Tyson,Stengle,GEE,Waiver
59,11,713,2024-05-23T18:13:36+10:00,745,290826,Jamie,Cripps,WCE,658.0,998103,Oliver,Florent,SYD,Free Agent
302,11,717,2024-05-23T18:33:55+10:00,703,295136,Caleb,Daniel,WBD,752.0,993902,Matt,Flynn,WCE,Free Agent
187,11,715,2024-05-23T18:36:26+10:00,588,1002403,Ben,Miller,RIC,555.0,998529,Ivan,Soldo,PTA,Free Agent
383,11,718,2024-05-23T18:40:04+10:00,63,1014026,Kai,Lohmann,BRL,311.0,1017063,Toby,Conway,GEE,Free Agent
119,11,714,2024-05-23T18:42:07+10:00,160,298288,Darcy,Moore,COL,557.0,1017128,Dante,Visentini,PTA,Free Agent
95,11,719,2024-05-25T04:00:01+10:00,555,998529,Ivan,Soldo,PTA,403.0,993794,Blake,Hardwick,HAW,Waiver
446,11,719,2024-05-25T15:40:52+10:00,462,1009378,Trent,Rivers,MEL,305.0,998260,Jack,Bowes,GEE,Free Agent
96,11,719,2024-05-26T04:00:01+10:00,403,993794,Blake,Hardwick,HAW,462.0,1009378,Trent,Rivers,MEL,Waiver
384,11,718,2024-05-26T10:52:44+10:00,19,993946,Ben,Keays,ADE,63.0,1014026,Kai,Lohmann,BRL,Free Agent
385,11,718,2024-05-26T16:23:42+10:00,736,1004385,Oscar,Allen,WCE,19.0,993946,Ben,Keays,ADE,Free Agent
303,12,717,2024-05-27T06:38:40+10:00,462,1009378,Trent,Rivers,MEL,47.0,1002312,Zac,Bailey,BRL,Free Agent
97,12,714,2024-05-28T04:00:01+10:00,302,994386,Tom,Atkins,GEE,677.0,1003203,Hayden,McLean,SYD,Waiver
98,12,715,2024-05-28T04:00:01+10:00,752,993902,Matt,Flynn,WCE,588.0,1002403,Ben,Miller,RIC,Waiver
99,12,714,2024-05-28T04:00:01+10:00,304,296733,Mark,Blicavs,GEE,160.0,298288,Darcy,Moore,COL,Waiver
304,12,717,2024-05-28T05:01:46+10:00,114,297255,Mitch,McGovern,CAR,647.0,1023270,Marcus,Windhager,STK,Free Agent
305,12,717,2024-05-28T05:02:04+10:00,470,291819,Adam,Tomlinson,MEL,417.0,1007124,Conor,Nash,HAW,Free Agent
306,12,717,2024-05-28T05:02:34+10:00,396,1005144,Massimo,D'Ambrosio,HAW,721.0,1002404,Aaron,Naughton,WBD,Free Agent
307,12,717,2024-05-28T05:05:07+10:00,340,997230,Tyson,Stengle,GEE,462.0,1009378,Trent,Rivers,MEL,Free Agent
61,12,713,2024-05-28T06:21:03+10:00,306,1012805,Tanner,Bruhn,GEE,745.0,290826,Jamie,Cripps,WCE,Free Agent
308,12,717,2024-05-28T08:03:56+10:00,726,1017939,Ryley,Sanders,WBD,211.0,298289,Peter,Wright,ESS,Free Agent
386,12,718,2024-05-28T08:11:09+10:00,453,291533,Tom,McDonald,MEL,736.0,1004385,Oscar,Allen,WCE,Free Agent
122,12,714,2024-05-28T08:33:50+10:00,243,1009380,Jeremy,Sharp,FRE,304.0,296733,Mark,Blicavs,GEE,Free Agent
447,12,719,2024-05-28T12:14:00+10:00,18,1013974,Mark,Keane,ADE,403.0,993794,Blake,Hardwick,HAW,Free Agent
387,12,718,2024-05-29T21:36:55+10:00,581,993903,Jacob,Hopper,RIC,667.0,1013409,James,Jordon,SYD,Free Agent
123,12,714,2024-05-29T21:59:12+10:00,776,1006114,Bailey J.,Williams,WCE,556.0,992330,Jordon,Sweet,PTA,Free Agent
121,12,714,2024-05-30T12:45:41+10:00,547,1005326,Jackson,Mead,PTA,168.0,280965,Steele,Sidebottom,COL,Free Agent
120,12,714,2024-05-30T18:24:38+10:00,421,1001024,Ned,Reeves,HAW,776.0,1006114,Bailey J.,Williams,WCE,Free Agent
216,12,716,2024-05-30T18:37:36+10:00,403,993794,Blake,Hardwick,HAW,182.0,996232,Matt,Guelfi,ESS,Free Agent
309,12,717,2024-05-30T23:39:38+10:00,311,1017063,Toby,Conway,GEE,139.0,994185,Jordan,De Goey,COL,Free Agent
388,12,718,2024-05-31T08:13:10+10:00,12,999331,Darcy,Fogarty,ADE,665.0,997100,Will,Hayward,SYD,Free Agent
60,12,713,2024-05-31T15:53:20+10:00,287,1021013,Ned,Moyle,GCS,306.0,1012805,Tanner,Bruhn,GEE,Free Agent
492,12,720,2024-05-31T18:52:32+10:00,34,1006136,Lachlan,Sholl,ADE,267.0,1013268,Alex,Davies,GCS,Free Agent
217,12,716,2024-05-31T19:30:22+10:00,211,298289,Peter,Wright,ESS,163.0,260257,Scott,Pendlebury,COL,Free Agent
389,12,718,2024-06-01T17:18:15+10:00,577,990827,Jack,Graham,RIC,581.0,993903,Jacob,Hopper,RIC,Free Agent
310,12,717,2024-06-01T19:15:52+10:00,305,998260,Jack,Bowes,GEE,470.0,291819,Adam,Tomlinson,MEL,Free Agent
448,12,719,2024-06-02T15:55:19+10:00,265,1013257,Sam,Clohesy,GCS,180.0,271129,Todd,Goldstein,ESS,Free Agent
20,12,717,2024-06-02T15:56:03+10:00,86,261224,Dayne,Zorko,BRL,,,,,,Trade
21,12,717,2024-06-02T15:56:03+10:00,257,1009199,Noah,Anderson,GCS,,,,,,Trade
218,12,716,2024-06-02T15:57:37+10:00,480,1015781,Charlie,Comben,NTH,211.0,298289,Peter,Wright,ESS,Free Agent
188,12,715,2024-06-02T15:58:25+10:00,272,993799,Brayden,Fiorini,GCS,679.0,993905,Callum,Mills,SYD,Free Agent
189,13,715,2024-06-03T08:12:06+10:00,581,993903,Jacob,Hopper,RIC,272.0,993799,Brayden,Fiorini,GCS,Free Agent
451,13,719,2024-06-03T11:03:04+10:00,470,291819,Adam,Tomlinson,MEL,212.0,295067,James,Aish,FRE,Free Agent
102,13,713,2024-06-04T04:00:01+10:00,163,260257,Scott,Pendlebury,COL,287.0,1021013,Ned,Moyle,GCS,Waiver
106,13,716,2024-06-04T04:00:01+10:00,47,1002312,Zac,Bailey,BRL,403.0,993794,Blake,Hardwick,HAW,Waiver
105,13,714,2024-06-04T04:00:01+10:00,612,1002264,Hunter,Clark,STK,243.0,1009380,Jeremy,Sharp,FRE,Waiver
104,13,715,2024-06-04T04:00:01+10:00,139,994185,Jordan,De Goey,COL,581.0,993903,Jacob,Hopper,RIC,Waiver
103,13,719,2024-06-04T04:00:01+10:00,366,295265,Nick,Haynes,GWS,18.0,1013974,Mark,Keane,ADE,Waiver
101,13,716,2024-06-04T04:00:01+10:00,665,997100,Will,Hayward,SYD,646.0,1027875,Darcy,Wilson,STK,Waiver
100,13,720,2024-06-04T04:00:01+10:00,306,1012805,Tanner,Bruhn,GEE,7.0,297401,Matt,Crouch,ADE,Waiver
107,13,713,2024-06-04T04:00:01+10:00,773,296296,Dom,Sheed,WCE,711.0,297899,James,Harmes,WBD,Waiver
311,13,717,2024-06-04T04:58:07+10:00,754,1023025,Reuben,Ginbey,WCE,340.0,997230,Tyson,Stengle,GEE,Free Agent
312,13,717,2024-06-04T04:58:32+10:00,107,1012862,Elijah,Hollands,CAR,703.0,295136,Caleb,Daniel,WBD,Free Agent
313,13,717,2024-06-04T04:59:41+10:00,516,993816,Darcy,Tucker,NTH,41.0,280506,Taylor,Walker,ADE,Free Agent
493,13,720,2024-06-04T05:03:46+10:00,378,1006013,James,Peatling,GWS,649.0,291776,Taylor,Adams,SYD,Free Agent
494,13,720,2024-06-04T05:03:58+10:00,679,993905,Callum,Mills,SYD,34.0,1006136,Lachlan,Sholl,ADE,Free Agent
314,13,717,2024-06-04T05:17:15+10:00,563,1002245,Noah,Balta,RIC,110.0,1001398,Matthew,Kennedy,CAR,Free Agent
450,13,719,2024-06-04T07:14:03+10:00,462,1009378,Trent,Rivers,MEL,265.0,1013257,Sam,Clohesy,GCS,Free Agent
190,13,715,2024-06-04T12:16:27+10:00,211,298289,Peter,Wright,ESS,585.0,290847,Dustin,*** Martin,RIC,Free Agent
315,13,717,2024-06-04T14:22:38+10:00,10,1015329,Billy,Dowling,ADE,563.0,1002245,Noah,Balta,RIC,Free Agent
316,13,717,2024-06-04T14:51:22+10:00,1,1012807,Sam,Berry,ADE,114.0,297255,Mitch,McGovern,CAR,Free Agent
390,13,718,2024-06-04T15:47:36+10:00,160,298288,Darcy,Moore,COL,533.0,1002253,Kane,Farrell,PTA,Free Agent
391,13,718,2024-06-04T15:50:50+10:00,776,1006114,Bailey J.,Williams,WCE,704.0,1017126,Sam,Darcy,WBD,Free Agent
317,13,717,2024-06-05T04:17:13+10:00,287,1021013,Ned,Moyle,GCS,311.0,1017063,Toby,Conway,GEE,Free Agent
318,13,717,2024-06-05T16:55:25+10:00,38,1008752,Kieran,Strachan,ADE,524.0,1013462,Jase,Burgoyne,PTA,Free Agent
108,13,715,2024-06-06T04:00:01+10:00,34,1006136,Lachlan,Sholl,ADE,211.0,298289,Peter,Wright,ESS,Waiver
319,13,717,2024-06-06T18:25:35+10:00,354,1023266,Finn,Callaghan,GWS,38.0,1008752,Kieran,Strachan,ADE,Free Agent
320,13,717,2024-06-06T18:43:17+10:00,563,1002245,Noah,Balta,RIC,10.0,1015329,Billy,Dowling,ADE,Free Agent
321,13,717,2024-06-06T18:57:59+10:00,511,993998,Jy,Simpkin,NTH,563.0,1002245,Noah,Balta,RIC,Free Agent
322,13,717,2024-06-08T15:09:59+10:00,266,295446,Sam,Collins,GCS,503.0,1024272,Colby,McKercher,NTH,Free Agent
191,13,715,2024-06-08T18:10:46+10:00,211,298289,Peter,Wright,ESS,159.0,291856,Tom,Mitchell,COL,Free Agent
449,13,719,2024-06-09T14:30:43+10:00,658,998103,Oliver,Florent,SYD,470.0,291819,Adam,Tomlinson,MEL,Free Agent
392,13,718,2024-06-09T15:13:25+10:00,114,297255,Mitch,McGovern,CAR,160.0,298288,Darcy,Moore,COL,Free Agent
192,14,715,2024-06-11T18:52:48+10:00,160,298288,Darcy,Moore,COL,211.0,298289,Peter,Wright,ESS,Free Agent
113,14,716,2024-06-12T04:00:02+10:00,147,291313,Jeremy,Howe,COL,480.0,1015781,Charlie,Comben,NTH,Waiver
110,14,719,2024-06-12T04:00:02+10:00,84,1017067,Darcy,Wilmot,BRL,658.0,998103,Oliver,Florent,SYD,Waiver
109,14,717,2024-06-12T04:00:02+10:00,503,1024272,Colby,McKercher,NTH,266.0,295446,Sam,Collins,GCS,Waiver
112,14,715,2024-06-12T04:00:02+10:00,585,290847,Dustin,*** Martin,RIC,752.0,993902,Matt,Flynn,WCE,Waiver
111,14,716,2024-06-12T04:00:02+10:00,18,1013974,Mark,Keane,ADE,190.0,298630,Kyle,Langford,ESS,Waiver
452,14,719,2024-06-12T05:18:26+10:00,563,1002245,Noah,Balta,RIC,462.0,1009378,Trent,Rivers,MEL,Free Agent
453,14,719,2024-06-12T05:18:41+10:00,69,997846,Conor,McKenna,BRL,366.0,295265,Nick,Haynes,GWS,Free Agent
323,14,717,2024-06-12T05:20:01+10:00,588,1002403,Ben,Miller,RIC,287.0,1021013,Ned,Moyle,GCS,Free Agent
324,14,717,2024-06-12T05:21:49+10:00,45,1005053,Noah,Answerth,BRL,726.0,1017939,Ryley,Sanders,WBD,Free Agent
325,14,717,2024-06-12T05:22:01+10:00,168,280965,Steele,Sidebottom,COL,754.0,1023025,Reuben,Ginbey,WCE,Free Agent
326,14,717,2024-06-12T05:36:34+10:00,231,1016825,Matthew,Johnson,FRE,516.0,993816,Darcy,Tucker,NTH,Free Agent
327,14,717,2024-06-12T05:37:10+10:00,58,993953,Eric,Hipwood,BRL,45.0,1005053,Noah,Answerth,BRL,Free Agent
495,14,720,2024-06-12T06:04:08+10:00,75,1002235,Cam,Rayner,BRL,306.0,1012805,Tanner,Bruhn,GEE,Free Agent
395,14,718,2024-06-12T06:34:15+10:00,667,1013409,James,Jordon,SYD,776.0,1006114,Bailey J.,Williams,WCE,Free Agent
62,14,713,2024-06-12T07:06:29+10:00,152,1012828,Finlay,Macrae,COL,773.0,296296,Dom,Sheed,WCE,Free Agent
63,14,713,2024-06-12T07:09:28+10:00,606,998134,Josh,Battle,STK,320.0,1004870,Zach,Guthrie,GEE,Free Agent
124,14,714,2024-06-12T23:19:52+10:00,677,1003203,Hayden,McLean,SYD,623.0,295584,Bradley,Hill,STK,Free Agent
328,14,717,2024-06-13T15:38:32+10:00,22,1015370,Max,Michalanney,ADE,459.0,298210,Christian,Petracca,MEL,Free Agent
396,14,718,2024-06-13T18:48:06+10:00,524,1013462,Jase,Burgoyne,PTA,453.0,291533,Tom,McDonald,MEL,Free Agent
394,14,718,2024-06-13T18:53:26+10:00,369,1008083,Connor,Idun,GWS,384.0,1005247,Sam,Taylor,GWS,Free Agent
393,14,718,2024-06-13T20:25:07+10:00,583,293813,Tom,Lynch,RIC,577.0,990827,Jack,Graham,RIC,Free Agent
125,14,714,2024-06-13T21:15:10+10:00,38,1008752,Kieran,Strachan,ADE,421.0,1001024,Ned,Reeves,HAW,Free Agent
126,14,714,2024-06-13T21:20:40+10:00,681,996765,Tom,Papley,SYD,607.0,994599,Riley,Bonner,STK,Free Agent
64,14,713,2024-06-14T07:45:48+10:00,461,1008541,Kysaiah,Pickett,MEL,606.0,998134,Josh,Battle,STK,Free Agent
496,14,720,2024-06-14T08:05:26+10:00,647,1023270,Marcus,Windhager,STK,615.0,294307,Brad,Crouch,STK,Free Agent
329,14,717,2024-06-14T17:44:57+10:00,73,1002347,Jack,Payne,BRL,231.0,1016825,Matthew,Johnson,FRE,Free Agent
220,14,716,2024-06-14T17:55:51+10:00,243,1009380,Jeremy,Sharp,FRE,47.0,1002312,Zac,Bailey,BRL,Free Agent
330,14,717,2024-06-14T19:29:06+10:00,76,1009317,Bruce,Reville,BRL,305.0,998260,Jack,Bowes,GEE,Free Agent
331,14,717,2024-06-15T18:38:48+10:00,516,993816,Darcy,Tucker,NTH,1.0,1012807,Sam,Berry,ADE,Free Agent
332,14,717,2024-06-15T19:09:02+10:00,658,998103,Oliver,Florent,SYD,22.0,1015370,Max,Michalanney,ADE,Free Agent
65,14,713,2024-06-16T10:29:40+10:00,480,1015781,Charlie,Comben,NTH,461.0,1008541,Kysaiah,Pickett,MEL,Free Agent
333,14,717,2024-06-16T12:25:29+10:00,381,1008123,Jake,Riccardi,GWS,511.0,993998,Jy,Simpkin,NTH,Free Agent
221,14,716,2024-06-16T12:54:53+10:00,150,997254,Nathan,Kreuger,COL,315.0,281065,Mitch,Duncan,GEE,Free Agent
334,14,717,2024-06-16T15:55:42+10:00,377,1006135,Xavier,O'Halloran,GWS,107.0,1012862,Elijah,Hollands,CAR,Free Agent
219,14,716,2024-06-16T15:57:29+10:00,352,1009708,Jack,Buckley,GWS,739.0,990290,Tom,Barrass,WCE,Free Agent
66,15,713,2024-06-17T07:07:42+10:00,1,1012807,Sam,Berry,ADE,152.0,1012828,Finlay,Macrae,COL,Free Agent
116,15,713,2024-06-18T04:00:01+10:00,461,1008541,Kysaiah,Pickett,MEL,1.0,1012807,Sam,Berry,ADE,Waiver
124,15,719,2024-06-18T04:00:01+10:00,752,993902,Matt,Flynn,WCE,563.0,1002245,Noah,Balta,RIC,Waiver
123,15,717,2024-06-18T04:00:01+10:00,511,993998,Jy,Simpkin,NTH,76.0,1009317,Bruce,Reville,BRL,Waiver
122,15,713,2024-06-18T04:00:01+10:00,581,993903,Jacob,Hopper,RIC,480.0,1015781,Charlie,Comben,NTH,Waiver
121,15,714,2024-06-18T04:00:01+10:00,462,1009378,Trent,Rivers,MEL,38.0,1008752,Kieran,Strachan,ADE,Waiver
120,15,716,2024-06-18T04:00:01+10:00,739,990290,Tom,Barrass,WCE,150.0,997254,Nathan,Kreuger,COL,Waiver
119,15,715,2024-06-18T04:00:01+10:00,649,291776,Taylor,Adams,SYD,160.0,298288,Darcy,Moore,COL,Waiver
114,15,720,2024-06-18T04:00:01+10:00,305,998260,Jack,Bowes,GEE,647.0,1023270,Marcus,Windhager,STK,Waiver
125,15,715,2024-06-18T04:00:01+10:00,180,271129,Todd,Goldstein,ESS,585.0,290847,Dustin,*** Martin,RIC,Waiver
126,15,716,2024-06-18T04:00:01+10:00,315,281065,Mitch,Duncan,GEE,243.0,1009380,Jeremy,Sharp,FRE,Waiver
127,15,717,2024-06-18T04:00:01+10:00,721,1002404,Aaron,Naughton,WBD,658.0,998103,Oliver,Florent,SYD,Waiver
128,15,716,2024-06-18T04:00:01+10:00,177,1005577,Sam,Draper,ESS,665.0,997100,Will,Hayward,SYD,Waiver
117,15,717,2024-06-18T04:00:01+10:00,107,1012862,Elijah,Hollands,CAR,381.0,1008123,Jake,Riccardi,GWS,Waiver
115,15,714,2024-06-18T04:00:01+10:00,298,1017665,Bodhi,Uwland,GCS,612.0,1002264,Hunter,Clark,STK,Waiver
118,15,719,2024-06-18T04:00:01+10:00,190,298630,Kyle,Langford,ESS,69.0,997846,Conor,McKenna,BRL,Waiver
454,15,719,2024-06-18T06:15:55+10:00,320,1004870,Zach,Guthrie,GEE,507.0,1011659,Tom,Powell,NTH,Free Agent
335,15,717,2024-06-18T06:25:48+10:00,468,999391,Tom,Sparrow,MEL,377.0,1006135,Xavier,O'Halloran,GWS,Free Agent
336,15,717,2024-06-18T06:27:12+10:00,533,1002253,Kane,Farrell,PTA,73.0,1002347,Jack,Payne,BRL,Free Agent
127,15,714,2024-06-18T07:36:24+10:00,366,295265,Nick,Haynes,GWS,677.0,1003203,Hayden,McLean,SYD,Free Agent
397,15,718,2024-06-18T07:47:57+10:00,63,1014026,Kai,Lohmann,BRL,583.0,293813,Tom,Lynch,RIC,Free Agent
398,15,718,2024-06-18T07:49:47+10:00,453,291533,Tom,McDonald,MEL,12.0,999331,Darcy,Fogarty,ADE,Free Agent
337,15,717,2024-06-18T10:04:44+10:00,754,1023025,Reuben,Ginbey,WCE,588.0,1002403,Ben,Miller,RIC,Free Agent
338,15,717,2024-06-18T15:16:05+10:00,179,1006096,Xavier,Duursma,ESS,162.0,1000072,John,Noble,COL,Free Agent
339,15,717,2024-06-18T15:52:47+10:00,46,1023517,Will,Ashcroft,BRL,721.0,1002404,Aaron,Naughton,WBD,Free Agent
128,15,714,2024-06-19T17:51:57+10:00,348,1009253,Lachie,Ash,GWS,366.0,295265,Nick,Haynes,GWS,Free Agent
399,15,718,2024-06-19T22:21:30+10:00,306,1012805,Tanner,Bruhn,GEE,238.0,294613,Jaeger,O'Meara,FRE,Free Agent
340,15,717,2024-06-20T10:46:56+10:00,507,1011659,Tom,Powell,NTH,58.0,993953,Eric,Hipwood,BRL,Free Agent
400,15,718,2024-06-20T11:07:49+10:00,386,280109,Callan,Ward,GWS,306.0,1012805,Tanner,Bruhn,GEE,Free Agent
222,15,716,2024-06-20T11:09:50+10:00,721,1002404,Aaron,Naughton,WBD,352.0,1009708,Jack,Buckley,GWS,Free Agent
341,15,717,2024-06-20T18:09:27+10:00,556,992330,Jordon,Sweet,PTA,168.0,280965,Steele,Sidebottom,COL,Free Agent
342,15,717,2024-06-20T18:26:57+10:00,304,296733,Mark,Blicavs,GEE,556.0,992330,Jordon,Sweet,PTA,Free Agent
455,15,719,2024-06-20T18:37:06+10:00,211,298289,Peter,Wright,ESS,555.0,998529,Ivan,Soldo,PTA,Free Agent
129,15,714,2024-06-21T17:03:34+10:00,677,1003203,Hayden,McLean,SYD,405.0,296254,Jarman,Impey,HAW,Free Agent
22,15,713,2024-06-21T18:13:26+10:00,458,996701,Clayton,Oliver,MEL,,,,,,Trade
26,15,713,2024-06-21T18:13:26+10:00,68,1005521,Oscar,McInerney,BRL,,,,,,Trade
25,15,713,2024-06-21T18:13:26+10:00,363,295344,Toby,Greene,GWS,,,,,,Trade
24,15,713,2024-06-21T18:13:26+10:00,702,996708,Bailey,Dale,WBD,,,,,,Trade
27,15,713,2024-06-21T18:13:26+10:00,193,1012013,Nic,Martin,ESS,,,,,,Trade
23,15,713,2024-06-21T18:13:26+10:00,770,1023492,Harley,Reid,WCE,,,,,,Trade
28,15,719,2024-06-21T18:13:44+10:00,0,,,,,,,,,,Trade
29,15,719,2024-06-21T18:13:44+10:00,190,298630,Kyle,Langford,ESS,,,,,,Trade
30,15,719,2024-06-21T18:13:44+10:00,749,298268,Liam,Duggan,WCE,,,,,,Trade
31,15,719,2024-06-21T18:13:44+10:00,643,1015507,Nasiah,Wanganeen-Milera,STK,,,,,,Trade
456,15,719,2024-06-21T18:15:31+10:00,278,1005992,Joel,Jeffrey,GCS,,,,,,Free Agent
401,15,718,2024-06-21T19:18:03+10:00,110,1001398,Matthew,Kennedy,CAR,524.0,1013462,Jase,Burgoyne,PTA,Free Agent
129,15,719,2024-06-22T04:00:01+10:00,556,992330,Jordon,Sweet,PTA,278.0,1005992,Joel,Jeffrey,GCS,Waiver
223,15,716,2024-06-22T07:24:13+10:00,551,296225,Willie,Rioli,PTA,18.0,1013974,Mark,Keane,ADE,Free Agent
224,15,716,2024-06-22T13:20:15+10:00,522,1009191,Miles,Bergman,PTA,551.0,296225,Willie,Rioli,PTA,Free Agent
33,15,713,2024-06-22T16:15:44+10:00,640,296205,Jack,Steele,STK,,,,,,Trade
32,15,713,2024-06-22T16:15:44+10:00,566,993993,Shai,Bolton,RIC,,,,,,Trade
35,15,713,2024-06-22T16:15:44+10:00,686,1006126,James,Rowbottom,SYD,,,,,,Trade
34,15,713,2024-06-22T16:15:44+10:00,458,996701,Clayton,Oliver,MEL,,,,,,Trade
67,15,713,2024-06-22T16:28:22+10:00,498,1001017,Nick,Larkey,NTH,581.0,993903,Jacob,Hopper,RIC,Free Agent
497,15,720,2024-06-22T17:02:43+10:00,266,295446,Sam,Collins,GCS,423.0,998114,Jack,Scrimshaw,HAW,Free Agent
193,15,715,2024-06-23T12:27:44+10:00,206,293884,Jake,Stringer,ESS,180.0,271129,Todd,Goldstein,ESS,Free Agent
402,15,718,2024-06-23T14:07:28+10:00,238,294613,Jaeger,O'Meara,FRE,645.0,296422,Callum,Wilkie,STK,Free Agent
39,15,713,2024-06-23T15:56:50+10:00,295,294643,Alex,Sexton,GCS,,,,,,Trade
37,15,713,2024-06-23T15:56:50+10:00,286,298272,Touk,Miller,GCS,,,,,,Trade
36,15,713,2024-06-23T15:56:50+10:00,717,290799,Tom,Liberatore,WBD,,,,,,Trade
38,15,713,2024-06-23T15:56:50+10:00,415,1006314,Dylan,Moore,HAW,,,,,,Trade
130,16,717,2024-06-24T04:00:01+10:00,581,993903,Jacob,Hopper,RIC,304.0,296733,Mark,Blicavs,GEE,Waiver
131,16,719,2024-06-24T04:00:01+10:00,423,998114,Jack,Scrimshaw,HAW,211.0,298289,Peter,Wright,ESS,Waiver
132,16,718,2024-06-25T04:00:01+10:00,182,996232,Matt,Guelfi,ESS,63.0,1014026,Kai,Lohmann,BRL,Waiver
140,16,714,2024-06-25T04:00:01+10:00,563,1002245,Noah,Balta,RIC,185.0,297452,Nick,Hind,ESS,Waiver
133,16,720,2024-06-25T04:00:01+10:00,612,1002264,Hunter,Clark,STK,378.0,1006013,James,Peatling,GWS,Waiver
139,16,718,2024-06-25T04:00:01+10:00,704,1017126,Sam,Darcy,WBD,667.0,1013409,James,Jordon,SYD,Waiver
135,16,713,2024-06-25T04:00:01+10:00,555,998529,Ivan,Soldo,PTA,498.0,1001017,Nick,Larkey,NTH,Waiver
134,16,714,2024-06-25T04:00:01+10:00,168,280965,Steele,Sidebottom,COL,677.0,1003203,Hayden,McLean,SYD,Waiver
142,16,719,2024-06-25T04:00:01+10:00,645,296422,Callum,Wilkie,STK,423.0,998114,Jack,Scrimshaw,HAW,Waiver
143,16,714,2024-06-25T04:00:01+10:00,745,290826,Jamie,Cripps,WCE,547.0,1005326,Jackson,Mead,PTA,Waiver
138,16,719,2024-06-25T04:00:01+10:00,588,1002403,Ben,Miller,RIC,556.0,992330,Jordon,Sweet,PTA,Waiver
141,16,713,2024-06-25T04:00:01+10:00,405,296254,Jarman,Impey,HAW,461.0,1008541,Kysaiah,Pickett,MEL,Waiver
136,16,715,2024-06-25T04:00:01+10:00,34,1006136,Lachlan,Sholl,ADE,206.0,293884,Jake,Stringer,ESS,Waiver
137,16,716,2024-06-25T04:00:01+10:00,47,1002312,Zac,Bailey,BRL,522.0,1009191,Miles,Bergman,PTA,Waiver
343,16,717,2024-06-25T06:03:24+10:00,430,1027935,Josh,Weddle,HAW,516.0,993816,Darcy,Tucker,NTH,Free Agent
344,16,717,2024-06-25T06:04:45+10:00,217,1013224,Heath,Chapman,FRE,754.0,1023025,Reuben,Ginbey,WCE,Free Agent
130,16,714,2024-06-25T08:29:20+10:00,38,1008752,Kieran,Strachan,ADE,298.0,1017665,Bodhi,Uwland,GCS,Free Agent
68,16,713,2024-06-25T17:00:09+10:00,622,1002227,Jack,Higgins,STK,555.0,998529,Ivan,Soldo,PTA,Free Agent
144,16,719,2024-06-26T04:00:01+10:00,556,992330,Jordon,Sweet,PTA,228.0,291570,Nat,Fyfe,FRE,Waiver
499,16,720,2024-06-27T08:37:20+10:00,682,290778,Luke,Parker,SYD,305.0,998260,Jack,Bowes,GEE,Free Agent
131,16,714,2024-06-27T18:29:50+10:00,63,1014026,Kai,Lohmann,BRL,38.0,1008752,Kieran,Strachan,ADE,Free Agent
132,16,714,2024-06-27T18:32:04+10:00,677,1003203,Hayden,McLean,SYD,63.0,1014026,Kai,Lohmann,BRL,Free Agent
345,16,717,2024-06-27T18:39:17+10:00,450,298281,Jake,Lever,MEL,463.0,296359,Christian,Salem,MEL,Free Agent
346,16,717,2024-06-28T19:24:26+10:00,206,293884,Jake,Stringer,ESS,468.0,999391,Tom,Sparrow,MEL,Free Agent
194,16,715,2024-06-29T14:04:25+10:00,592,290627,Dion,Prestia,RIC,190.0,298630,Kyle,Langford,ESS,Free Agent
498,16,720,2024-06-29T19:07:10+10:00,356,1001396,Isaac,Cumming,GWS,199.0,1015873,Archie,Perkins,ESS,Free Agent
403,16,718,2024-06-29T23:58:04+10:00,525,992128,Ryan,Burton,PTA,114.0,297255,Mitch,McGovern,CAR,Free Agent
225,17,716,2024-07-01T09:25:42+10:00,190,298630,Kyle,Langford,ESS,47.0,1002312,Zac,Bailey,BRL,Free Agent
404,17,718,2024-07-02T01:36:10+10:00,114,297255,Mitch,McGovern,CAR,525.0,992128,Ryan,Burton,PTA,Free Agent
145,17,717,2024-07-02T04:00:01+10:00,480,1015781,Charlie,Comben,NTH,217.0,1013224,Heath,Chapman,FRE,Waiver
151,17,715,2024-07-02T04:00:01+10:00,314,1025034,Oliver,Dempsey,GEE,34.0,1006136,Lachlan,Sholl,ADE,Waiver
146,17,720,2024-07-02T04:00:01+10:00,305,998260,Jack,Bowes,GEE,612.0,1002264,Hunter,Clark,STK,Waiver
147,17,715,2024-07-02T04:00:01+10:00,718,990740,Rory,Lobb,WBD,592.0,290627,Dion,Prestia,RIC,Waiver
148,17,716,2024-07-02T04:00:01+10:00,228,291570,Nat,Fyfe,FRE,190.0,298630,Kyle,Langford,ESS,Waiver
149,17,713,2024-07-02T04:00:01+10:00,463,296359,Christian,Salem,MEL,622.0,1002227,Jack,Higgins,STK,Waiver
150,17,714,2024-07-02T04:00:01+10:00,247,992059,Sam,Switkowski,FRE,563.0,1002245,Noah,Balta,RIC,Waiver
347,17,717,2024-07-02T04:56:45+10:00,287,1021013,Ned,Moyle,GCS,430.0,1027935,Josh,Weddle,HAW,Free Agent
348,17,717,2024-07-02T04:57:01+10:00,461,1008541,Kysaiah,Pickett,MEL,206.0,293884,Jake,Stringer,ESS,Free Agent
349,17,717,2024-07-02T05:19:48+10:00,423,998114,Jack,Scrimshaw,HAW,450.0,298281,Jake,Lever,MEL,Free Agent
457,17,719,2024-07-02T05:47:04+10:00,1,1012807,Sam,Berry,ADE,752.0,993902,Matt,Flynn,WCE,Free Agent
458,17,719,2024-07-02T05:47:27+10:00,403,993794,Blake,Hardwick,HAW,320.0,1004870,Zach,Guthrie,GEE,Free Agent
226,17,716,2024-07-04T18:48:05+10:00,34,1006136,Lachlan,Sholl,ADE,106.0,294036,George,Hewett,CAR,Free Agent
133,17,714,2024-07-04T23:09:55+10:00,776,1006114,Bailey J.,Williams,WCE,123.0,298290,Marc,Pittonet,CAR,Free Agent
405,17,718,2024-07-05T16:07:38+10:00,205,291783,Dylan,Shiel,ESS,238.0,294613,Jaeger,O'Meara,FRE,Free Agent
459,17,719,2024-07-05T18:45:28+10:00,211,298289,Peter,Wright,ESS,403.0,993794,Blake,Hardwick,HAW,Free Agent
40,17,716,2024-07-05T18:49:36+10:00,536,1011640,Jason,Horne-Francis,PTA,,,,,,Trade
41,17,716,2024-07-05T18:49:36+10:00,372,296347,Josh,Kelly,GWS,,,,,,Trade
42,17,716,2024-07-05T18:49:36+10:00,194,998102,Andrew,McGrath,ESS,,,,,,Trade
43,17,716,2024-07-05T18:49:36+10:00,0,,,,,,,,,,Trade
227,17,716,2024-07-05T18:52:19+10:00,378,1006013,James,Peatling,GWS,,,,,,Free Agent
134,17,714,2024-07-06T00:09:04+10:00,711,297899,James,Harmes,WBD,671.0,295342,Jake,Lloyd,SYD,Free Agent
406,17,718,2024-07-06T16:26:17+10:00,42,1011981,Josh,Worrell,ADE,386.0,280109,Callan,Ward,GWS,Free Agent
350,17,717,2024-07-06T16:39:38+10:00,40,1008384,Riley,Thilthorpe,ADE,461.0,1008541,Kysaiah,Pickett,MEL,Free Agent
152,18,718,2024-07-08T04:00:01+10:00,386,280109,Callan,Ward,GWS,42.0,1011981,Josh,Worrell,ADE,Waiver
231,18,716,2024-07-08T16:43:49+10:00,461,1008541,Kysaiah,Pickett,MEL,378.0,1006013,James,Peatling,GWS,Free Agent
153,18,719,2024-07-09T04:00:01+10:00,635,1020137,Mattaes,Phillipou,STK,211.0,298289,Peter,Wright,ESS,Waiver
154,18,720,2024-07-09T04:00:01+10:00,313,1009229,Sam,De Koning,GEE,266.0,295446,Sam,Collins,GCS,Waiver
407,18,718,2024-07-09T21:43:24+10:00,180,271129,Todd,Goldstein,ESS,704.0,1017126,Sam,Darcy,WBD,Free Agent
69,18,713,2024-07-11T18:01:13+10:00,304,296733,Mark,Blicavs,GEE,719.0,295467,Jack,Macrae,WBD,Free Agent
135,18,714,2024-07-11T18:26:41+10:00,19,993946,Ben,Keays,ADE,711.0,297899,James,Harmes,WBD,Free Agent
408,18,718,2024-07-11T18:27:03+10:00,150,997254,Nathan,Kreuger,COL,180.0,271129,Todd,Goldstein,ESS,Free Agent
500,18,720,2024-07-11T18:43:56+10:00,349,1008139,Toby,Bedford,GWS,75.0,1002235,Cam,Rayner,BRL,Free Agent
351,18,717,2024-07-11T22:59:23+10:00,18,1013974,Mark,Keane,ADE,423.0,998114,Jack,Scrimshaw,HAW,Free Agent
70,18,713,2024-07-12T00:26:14+10:00,123,298290,Marc,Pittonet,CAR,304.0,296733,Mark,Blicavs,GEE,Free Agent
230,18,716,2024-07-12T17:37:29+10:00,142,293801,Jamie,Elliott,COL,147.0,291313,Jeremy,Howe,COL,Free Agent
195,18,715,2024-07-12T22:25:27+10:00,623,295584,Bradley,Hill,STK,649.0,291776,Taylor,Adams,SYD,Free Agent
155,18,715,2024-07-13T04:00:01+10:00,719,295467,Jack,Macrae,WBD,718.0,990740,Rory,Lobb,WBD,Waiver
137,18,714,2024-07-13T15:53:50+10:00,555,998529,Ivan,Soldo,PTA,776.0,1006114,Bailey J.,Williams,WCE,Free Agent
136,18,714,2024-07-13T16:24:00+10:00,128,294685,Zac,Williams,CAR,745.0,290826,Jamie,Cripps,WCE,Free Agent
409,18,718,2024-07-13T16:34:33+10:00,190,298630,Kyle,Langford,ESS,110.0,1001398,Matthew,Kennedy,CAR,Free Agent
228,18,716,2024-07-13T17:32:06+10:00,592,290627,Dion,Prestia,RIC,461.0,1008541,Kysaiah,Pickett,MEL,Free Agent
229,18,716,2024-07-13T17:41:09+10:00,41,280506,Taylor,Walker,ADE,592.0,290627,Dion,Prestia,RIC,Free Agent
352,18,717,2024-07-13T18:50:32+10:00,206,293884,Jake,Stringer,ESS,40.0,1008384,Riley,Thilthorpe,ADE,Free Agent
196,18,715,2024-07-13T22:39:42+10:00,585,290847,Dustin,*** Martin,RIC,562.0,1000223,Liam,Baker,RIC,Free Agent
71,18,713,2024-07-14T16:29:36+10:00,47,1002312,Zac,Bailey,BRL,44.0,996059,Harris,Andrews,BRL,Free Agent
72,18,713,2024-07-14T16:30:16+10:00,58,993953,Eric,Hipwood,BRL,47.0,1002312,Zac,Bailey,BRL,Free Agent
232,19,716,2024-07-15T06:55:29+10:00,110,1001398,Matthew,Kennedy,CAR,41.0,280506,Taylor,Walker,ADE,Free Agent
73,19,713,2024-07-15T16:33:54+10:00,461,1008541,Kysaiah,Pickett,MEL,58.0,993953,Eric,Hipwood,BRL,Free Agent
45,19,718,2024-07-15T22:49:32+10:00,258,1017396,Mac,Andrew,GCS,,,,,,Trade
44,19,718,2024-07-15T22:49:32+10:00,286,298272,Touk,Miller,GCS,,,,,,Trade
353,19,717,2024-07-15T22:50:30+10:00,592,290627,Dion,Prestia,RIC,18.0,1013974,Mark,Keane,ADE,Free Agent
412,19,718,2024-07-15T22:56:18+10:00,776,1006114,Bailey J.,Williams,WCE,150.0,997254,Nathan,Kreuger,COL,Free Agent
157,19,715,2024-07-16T04:00:01+10:00,671,295342,Jake,Lloyd,SYD,623.0,295584,Bradley,Hill,STK,Waiver
156,19,714,2024-07-16T04:00:01+10:00,304,296733,Mark,Blicavs,GEE,128.0,294685,Zac,Williams,CAR,Waiver
159,19,715,2024-07-16T04:00:01+10:00,266,295446,Sam,Collins,GCS,585.0,290847,Dustin,*** Martin,RIC,Waiver
158,19,714,2024-07-16T04:00:01+10:00,340,997230,Tyson,Stengle,GEE,555.0,998529,Ivan,Soldo,PTA,Waiver
501,19,720,2024-07-16T05:50:09+10:00,472,1017720,Jacob,van Rooyen,MEL,356.0,1001396,Isaac,Cumming,GWS,Free Agent
354,19,717,2024-07-16T06:59:47+10:00,774,1011449,Zane,Trew,WCE,507.0,1011659,Tom,Powell,NTH,Free Agent
75,19,713,2024-07-16T15:28:12+10:00,278,1005992,Joel,Jeffrey,GCS,461.0,1008541,Kysaiah,Pickett,MEL,Free Agent
233,19,716,2024-07-17T10:31:10+10:00,320,1004870,Zach,Guthrie,GEE,142.0,293801,Jamie,Elliott,COL,Free Agent
462,19,719,2024-07-18T18:25:54+10:00,40,1008384,Riley,Thilthorpe,ADE,676.0,1011936,Justin,McInerney,SYD,Free Agent
461,19,719,2024-07-18T18:33:33+10:00,106,294036,George,Hewett,CAR,37.0,1017109,Jake,Soligo,ADE,Free Agent
138,19,714,2024-07-18T18:34:58+10:00,448,298264,Ed,Langdon,MEL,355.0,291969,Stephen,Coniglio,GWS,Free Agent
139,19,714,2024-07-18T18:44:11+10:00,180,271129,Todd,Goldstein,ESS,302.0,994386,Tom,Atkins,GEE,Free Agent
140,19,714,2024-07-18T18:54:29+10:00,326,1013464,Lawson,Humphries,GEE,304.0,296733,Mark,Blicavs,GEE,Free Agent
411,19,718,2024-07-18T19:05:33+10:00,704,1017126,Sam,Darcy,WBD,776.0,1006114,Bailey J.,Williams,WCE,Free Agent
355,19,717,2024-07-18T22:19:54+10:00,378,1006013,James,Peatling,GWS,206.0,293884,Jake,Stringer,ESS,Free Agent
410,19,718,2024-07-20T02:23:48+10:00,577,990827,Jack,Graham,RIC,704.0,1017126,Sam,Darcy,WBD,Free Agent
74,19,713,2024-07-20T04:34:30+10:00,776,1006114,Bailey J.,Williams,WCE,123.0,298290,Marc,Pittonet,CAR,Free Agent
460,19,719,2024-07-20T09:17:17+10:00,355,291969,Stephen,Coniglio,GWS,635.0,1020137,Mattaes,Phillipou,STK,Free Agent
356,19,717,2024-07-20T13:40:53+10:00,524,1013462,Jase,Burgoyne,PTA,533.0,1002253,Kane,Farrell,PTA,Free Agent
357,19,717,2024-07-20T13:41:43+10:00,778,998128,Alex,Witherden,WCE,524.0,1013462,Jase,Burgoyne,PTA,Free Agent
234,19,716,2024-07-20T16:31:39+10:00,114,297255,Mitch,McGovern,CAR,320.0,1004870,Zach,Guthrie,GEE,Free Agent
197,19,715,2024-07-20T18:48:00+10:00,128,294685,Zac,Williams,CAR,719.0,295467,Jack,Macrae,WBD,Free Agent
160,20,718,2024-07-22T04:00:01+10:00,320,1004870,Zach,Guthrie,GEE,577.0,990827,Jack,Graham,RIC,Waiver
463,20,719,2024-07-22T04:05:58+10:00,635,1020137,Mattaes,Phillipou,STK,40.0,1008384,Riley,Thilthorpe,ADE,Free Agent
235,20,716,2024-07-22T13:48:15+10:00,533,1002253,Kane,Farrell,PTA,114.0,297255,Mitch,McGovern,CAR,Free Agent
236,20,716,2024-07-22T13:55:35+10:00,123,298290,Marc,Pittonet,CAR,228.0,291570,Nat,Fyfe,FRE,Free Agent
198,20,715,2024-07-22T21:07:10+10:00,719,295467,Jack,Macrae,WBD,128.0,294685,Zac,Williams,CAR,Free Agent
358,20,717,2024-07-22T21:58:44+10:00,524,1013462,Jase,Burgoyne,PTA,774.0,1011449,Zane,Trew,WCE,Free Agent
168,20,719,2024-07-23T04:00:01+10:00,403,993794,Blake,Hardwick,HAW,488.0,999827,Zac,Fisher,NTH,Waiver
163,20,719,2024-07-23T04:00:01+10:00,718,990740,Rory,Lobb,WBD,1.0,1012807,Sam,Berry,ADE,Waiver
169,20,714,2024-07-23T04:00:01+10:00,527,991930,Darcy,Byrne-Jones,PTA,180.0,271129,Todd,Goldstein,ESS,Waiver
167,20,717,2024-07-23T04:00:01+10:00,562,1000223,Liam,Baker,RIC,295.0,294643,Alex,Sexton,GCS,Waiver
166,20,718,2024-07-23T04:00:01+10:00,400,1012857,Jack,Ginnivan,HAW,182.0,996232,Matt,Guelfi,ESS,Waiver
161,20,717,2024-07-23T04:00:01+10:00,379,998205,Harry,Perryman,GWS,258.0,1017396,Mac,Andrew,GCS,Waiver
165,20,715,2024-07-23T04:00:01+10:00,37,1017109,Jake,Soligo,ADE,266.0,295446,Sam,Collins,GCS,Waiver
162,20,716,2024-07-23T04:00:01+10:00,306,1012805,Tanner,Bruhn,GEE,100.0,1004912,Tom,De Koning,CAR,Waiver
164,20,714,2024-07-23T04:00:01+10:00,520,294469,Aliir,Aliir,PTA,340.0,997230,Tyson,Stengle,GEE,Waiver
76,20,713,2024-07-23T16:20:55+10:00,606,998134,Josh,Battle,STK,278.0,1005992,Joel,Jeffrey,GCS,Free Agent
464,20,719,2024-07-23T16:21:10+10:00,7,297401,Matt,Crouch,ADE,635.0,1020137,Mattaes,Phillipou,STK,Free Agent
77,20,713,2024-07-24T01:21:24+10:00,330,993878,Shaun,Mannagh,GEE,776.0,1006114,Bailey J.,Williams,WCE,Free Agent
78,20,713,2024-07-24T01:23:15+10:00,75,1002235,Cam,Rayner,BRL,463.0,296359,Christian,Salem,MEL,Free Agent
141,20,714,2024-07-24T21:42:10+10:00,659,291848,Robbie,Fox,SYD,681.0,996765,Tom,Papley,SYD,Free Agent
142,20,714,2024-07-24T21:44:38+10:00,304,296733,Mark,Blicavs,GEE,154.0,992010,Brayden,Maynard,COL,Free Agent
170,20,719,2024-07-25T04:00:01+10:00,635,1020137,Mattaes,Phillipou,STK,403.0,993794,Blake,Hardwick,HAW,Waiver
171,20,719,2024-07-26T04:00:01+10:00,403,993794,Blake,Hardwick,HAW,355.0,291969,Stephen,Coniglio,GWS,Waiver
47,20,719,2024-07-26T18:06:29+10:00,93,1002239,Adam,Cerra,CAR,,,,,,Trade
48,20,719,2024-07-26T18:06:29+10:00,293,1009208,Matt,Rowell,GCS,,,,,,Trade
49,20,719,2024-07-26T18:06:29+10:00,198,993817,Darcy,Parish,ESS,,,,,,Trade
46,20,719,2024-07-26T18:06:29+10:00,9,992242,Jordan,Dawson,ADE,,,,,,Trade
51,20,719,2024-07-26T18:06:29+10:00,0,,,,,,,,,,Trade
50,20,719,2024-07-26T18:06:29+10:00,686,1006126,James,Rowbottom,SYD,,,,,,Trade
465,20,719,2024-07-26T18:09:50+10:00,676,1011936,Justin,McInerney,SYD,,,,,,Free Agent
237,20,716,2024-07-26T18:43:26+10:00,530,280711,Charlie,Dixon,PTA,204.0,998215,Will,Setterfield,ESS,Free Agent
466,20,719,2024-07-26T19:24:56+10:00,296,290832,David,Swallow,GCS,676.0,1011936,Justin,McInerney,SYD,Free Agent
467,20,719,2024-07-26T23:04:06+10:00,626,991988,Zak,Jones,STK,296.0,290832,David,Swallow,GCS,Free Agent
359,20,717,2024-07-27T09:22:00+10:00,711,297899,James,Harmes,WBD,778.0,998128,Alex,Witherden,WCE,Free Agent
360,20,717,2024-07-27T09:36:56+10:00,195,1002143,Ben,McKay,ESS,480.0,1015781,Charlie,Comben,NTH,Free Agent
143,20,714,2024-07-27T13:29:44+10:00,44,996059,Harris,Andrews,BRL,448.0,298264,Ed,Langdon,MEL,Free Agent
199,20,715,2024-07-27T14:04:38+10:00,228,291570,Nat,Fyfe,FRE,719.0,295467,Jack,Macrae,WBD,Free Agent
144,20,714,2024-07-27T16:20:05+10:00,150,997254,Nathan,Kreuger,COL,677.0,1003203,Hayden,McLean,SYD,Free Agent
200,20,715,2024-07-27T19:19:13+10:00,384,1005247,Sam,Taylor,GWS,228.0,291570,Nat,Fyfe,FRE,Free Agent
173,21,718,2024-07-30T04:00:01+10:00,507,1011659,Tom,Powell,NTH,190.0,298630,Kyle,Langford,ESS,Waiver
172,21,720,2024-07-30T04:00:01+10:00,685,1012210,Matt,Roberts,SYD,313.0,1009229,Sam,De Koning,GEE,Waiver
79,21,713,2024-07-31T00:45:39+10:00,638,1018018,Cooper,Sharman,STK,330.0,993878,Shaun,Mannagh,GEE,Free Agent
145,21,714,2024-08-01T18:09:55+10:00,461,1008541,Kysaiah,Pickett,MEL,527.0,991930,Darcy,Byrne-Jones,PTA,Free Agent
146,21,714,2024-08-01T18:18:33+10:00,677,1003203,Hayden,McLean,SYD,150.0,997254,Nathan,Kreuger,COL,Free Agent
147,21,714,2024-08-01T18:36:01+10:00,519,998484,Cameron,Zurhaar,NTH,659.0,291848,Robbie,Fox,SYD,Free Agent
238,21,716,2024-08-01T18:41:49+10:00,42,1011981,Josh,Worrell,ADE,306.0,1012805,Tanner,Bruhn,GEE,Free Agent
239,21,716,2024-08-01T19:00:23+10:00,326,1013464,Lawson,Humphries,GEE,530.0,280711,Charlie,Dixon,PTA,Free Agent
361,21,717,2024-08-02T18:26:52+10:00,758,994385,Jayden,Hunt,WCE,711.0,297899,James,Harmes,WBD,Free Agent
362,21,717,2024-08-02T18:29:33+10:00,498,1001017,Nick,Larkey,NTH,287.0,1021013,Ned,Moyle,GCS,Free Agent
413,21,718,2024-08-02T19:00:34+10:00,731,1009301,Jamarra,Ugle-Hagan,WBD,205.0,291783,Dylan,Shiel,ESS,Free Agent
240,21,716,2024-08-02T22:39:05+10:00,676,1011936,Justin,McInerney,SYD,326.0,1013464,Lawson,Humphries,GEE,Free Agent
414,21,718,2024-08-03T14:52:13+10:00,681,996765,Tom,Papley,SYD,400.0,1012857,Jack,Ginnivan,HAW,Free Agent
363,21,717,2024-08-03T16:13:39+10:00,628,1006143,Max,King,STK,195.0,1002143,Ben,McKay,ESS,Free Agent
502,21,720,2024-08-03T19:18:18+10:00,417,1007124,Conor,Nash,HAW,682.0,290778,Luke,Parker,SYD,Free Agent
174,22,719,2024-08-06T04:00:01+10:00,513,1002240,Jaidyn,Stephenson,NTH,626.0,991988,Zak,Jones,STK,Waiver
80,22,713,2024-08-06T06:36:55+10:00,340,997230,Tyson,Stengle,GEE,638.0,1018018,Cooper,Sharman,STK,Free Agent
503,22,720,2024-08-06T07:04:14+10:00,352,1009708,Jack,Buckley,GWS,305.0,998260,Jack,Bowes,GEE,Free Agent
504,22,720,2024-08-06T07:05:39+10:00,480,1015781,Charlie,Comben,NTH,472.0,1017720,Jacob,van Rooyen,MEL,Free Agent
81,22,713,2024-08-06T16:14:37+10:00,555,998529,Ivan,Soldo,PTA,770.0,1023492,Harley,Reid,WCE,Free Agent
415,22,718,2024-08-06T18:17:10+10:00,190,298630,Kyle,Langford,ESS,453.0,291533,Tom,McDonald,MEL,Free Agent
416,22,718,2024-08-06T18:19:04+10:00,330,993878,Shaun,Mannagh,GEE,681.0,996765,Tom,Papley,SYD,Free Agent
505,22,720,2024-08-08T00:36:44+10:00,204,998215,Will,Setterfield,ESS,184.0,290629,Dyson,Heppell,ESS,Free Agent
175,22,720,2024-08-08T04:00:01+10:00,770,1023492,Harley,Reid,WCE,349.0,1008139,Toby,Bedford,GWS,Waiver
468,22,719,2024-08-08T18:24:09+10:00,371,290314,Lachlan,Keeffe,GWS,513.0,1002240,Jaidyn,Stephenson,NTH,Free Agent
82,22,713,2024-08-08T18:41:18+10:00,339,280317,Rhys,Stanley,GEE,555.0,998529,Ivan,Soldo,PTA,Free Agent
417,22,718,2024-08-08T20:27:28+10:00,754,1023025,Reuben,Ginbey,WCE,320.0,1004870,Zach,Guthrie,GEE,Free Agent
469,22,719,2024-08-09T11:03:52+10:00,631,294596,Tim,Membrey,STK,371.0,290314,Lachlan,Keeffe,GWS,Free Agent
418,22,718,2024-08-10T00:18:03+10:00,577,990827,Jack,Graham,RIC,386.0,280109,Callan,Ward,GWS,Free Agent
419,22,718,2024-08-10T13:23:20+10:00,63,1014026,Kai,Lohmann,BRL,190.0,298630,Kyle,Langford,ESS,Free Agent
470,22,719,2024-08-10T16:14:51+10:00,171,1011954,Nick,Bryan,ESS,631.0,294596,Tim,Membrey,STK,Free Agent
83,22,713,2024-08-10T16:20:52+10:00,597,1012386,Samson,Ryan,RIC,339.0,280317,Rhys,Stanley,GEE,Free Agent
471,22,719,2024-08-10T18:54:44+10:00,633,1023272,Mitch,Owens,STK,171.0,1011954,Nick,Bryan,ESS,Free Agent
472,22,719,2024-08-10T21:15:38+10:00,100,1004912,Tom,De Koning,CAR,633.0,1023272,Mitch,Owens,STK,Free Agent
420,22,718,2024-08-11T13:21:21+10:00,719,295467,Jack,Macrae,WBD,577.0,990827,Jack,Graham,RIC,Free Agent
84,22,713,2024-08-11T14:22:16+10:00,713,1020586,Arthur,Jones,WBD,597.0,1012386,Samson,Ryan,RIC,Free Agent
92,23,713,2024-08-12T06:49:55+10:00,339,280317,Rhys,Stanley,GEE,713.0,1020586,Arthur,Jones,WBD,Free Agent
421,23,718,2024-08-12T20:57:47+10:00,171,1011954,Nick,Bryan,ESS,330.0,993878,Shaun,Mannagh,GEE,Free Agent
177,23,720,2024-08-13T04:00:01+10:00,423,998114,Jack,Scrimshaw,HAW,352.0,1009708,Jack,Buckley,GWS,Waiver
176,23,718,2024-08-13T04:00:01+10:00,682,290778,Luke,Parker,SYD,754.0,1023025,Reuben,Ginbey,WCE,Waiver
91,23,713,2024-08-13T06:27:48+10:00,320,1004870,Zach,Guthrie,GEE,124.0,295461,Adam,Saad,CAR,Free Agent
506,23,720,2024-08-13T07:07:36+10:00,355,291969,Stephen,Coniglio,GWS,679.0,993905,Callum,Mills,SYD,Free Agent
507,23,720,2024-08-13T07:07:51+10:00,302,994386,Tom,Atkins,GEE,204.0,998215,Will,Setterfield,ESS,Free Agent
422,23,718,2024-08-13T15:58:22+10:00,807,1007591,Brynn,Teakle,NTH,719.0,295467,Jack,Macrae,WBD,Free Agent
85,23,713,2024-08-13T17:29:19+10:00,313,1009229,Sam,De Koning,GEE,320.0,1004870,Zach,Guthrie,GEE,Free Agent
90,23,713,2024-08-13T22:19:10+10:00,114,297255,Mitch,McGovern,CAR,313.0,1009229,Sam,De Koning,GEE,Free Agent
89,23,713,2024-08-14T09:52:39+10:00,463,296359,Christian,Salem,MEL,114.0,297255,Mitch,McGovern,CAR,Free Agent
88,23,713,2024-08-15T18:32:35+10:00,704,1017126,Sam,Darcy,WBD,463.0,296359,Christian,Salem,MEL,Free Agent
423,23,718,2024-08-16T17:55:15+10:00,719,295467,Jack,Macrae,WBD,99.0,996731,Charlie,Curnow,CAR,Free Agent
424,23,718,2024-08-16T17:56:14+10:00,776,1006114,Bailey J.,Williams,WCE,202.0,1001026,Jordan,Ridley,ESS,Free Agent
425,23,718,2024-08-17T12:21:42+10:00,530,280711,Charlie,Dixon,PTA,807.0,1007591,Brynn,Teakle,NTH,Free Agent
87,23,713,2024-08-17T18:50:53+10:00,488,999827,Zac,Fisher,NTH,340.0,997230,Tyson,Stengle,GEE,Free Agent
86,23,713,2024-08-18T07:24:06+10:00,99,996731,Charlie,Curnow,CAR,488.0,999827,Zac,Fisher,NTH,Free Agent
426,23,718,2024-08-18T12:30:01+10:00,409,1017094,Connor,Macdonald,HAW,719.0,295467,Jack,Macrae,WBD,Free Agent
178,24,713,2024-08-20T04:00:01+10:00,202,1001026,Jordan,Ridley,ESS,31.0,1001195,Izak,Rankine,ADE,Waiver
179,24,720,2024-08-20T04:00:01+10:00,488,999827,Zac,Fisher,NTH,480.0,1015781,Charlie,Comben,NTH,Waiver
508,24,720,2024-08-20T04:24:32+10:00,147,291313,Jeremy,Howe,COL,302.0,994386,Tom,Atkins,GEE,Free Agent
93,24,713,2024-08-21T11:05:45+10:00,463,296359,Christian,Salem,MEL,202.0,1001026,Jordan,Ridley,ESS,Free Agent
94,24,713,2024-08-21T11:08:52+10:00,124,295461,Adam,Saad,CAR,766.0,294859,Jeremy,McGovern,WCE,Free Agent
95,24,713,2024-08-23T15:22:04+10:00,340,997230,Tyson,Stengle,GEE,99.0,996731,Charlie,Curnow,CAR,Free Agent
96,24,713,2024-08-24T13:14:14+10:00,311,1017063,Toby,Conway,GEE,339.0,280317,Rhys,Stanley,GEE,Free Agent
97,24,713,2024-08-25T05:19:45+10:00,521,1027870,Tom,Anastasopoulos,PTA,704.0,1017126,Sam,Darcy,WBD,Free Agent
98,24,713,2024-08-25T15:12:17+10:00,216,998129,Will,Brodie,FRE,640.0,296205,Jack,Steele,STK,Free Agent
